Persona,Lv.,Arcana,Types,Drain,Reflect,Null,Resist,Evade 1,Evade 2,Evade 3,Weak,Type,Stat Bonuses,Natural Skill,Active Abilities,Passive Abilities,Disposition,Reward,STR,MAG,TEC,AGI,VIT,LCK,Pg.,Compendium?
Pixie,1,Lovers,"Thunder, Heal",,,,Thunder,,,,Dark,Shadow,,Sneaky – Grants +1d4 to stealth and hiding checks.,"Ha Zio: Up to 2 targets within 7 meters are struck by electric bolts. On hit: 3d4 (7) Thunder damage and 8% Shocked chance.
Dia: 1 target within 10 meters recovers 3d6+5 (15) HP",Resist Stun (P): Pixie has half the specified chance to suffer the effects of Stunned.,"Flirty, Snobbish",Dia (T1 Heal),1,3,3,5,3,4,C-164,FALSE
Agathion,1,Chariot,"Physical, Buff",,,,Physical,Thunder,,,"Wind, PSY",Shadow,,"Nagging – You may spend 1 Luck Charge to grant -1d6 to any check of any target you can see, once per check, as your Interrupt action.","Skull Cracker: A Physical strike that deals 4d6 (13) damage on hit.
Tarukaja: One target within 10 meters gains +1 STR, +1 MAG for three turns.",,Childish,Skull Cracker (T1 Physical),4,1,3,3,4,6,C-165,FALSE
Card Soldier,1,--,,,,,,,,,,Minion,,"Safeguard – Whenever Queen of Hearts would take damage from a spell or basic attack, Card Soldier can use its Interrupt action to change the target from Queen of Hearts from itself. This can happen even if the Card Soldier was also targeted for this attack. ","Disarming Order: One target within 6 meters suffers -1 STR, -1 MAG for 3 rounds (Debuff) 
Poke: One target within 5 meters. On hit: 2d4 (5) Physical damage. ",,,,2,2,4,1,2,2,SSV-37,FALSE
Cu Sith,1,Sun,"Wind, Status",,,,Wind,,,,Fire,Shadow,,"Ushered Arrival – Grants +1 STR, +1 MAG for 3 turns, starting at the fourth round of combat (not a Buff).","Garu: 1 target within 8 meters. HDC+1. On hit: 4d6 (14) Wind damage.
Pulinpa: 1 target Cu Sith can see has a 55% chance to suffer from Panicked.",,"Friendly, Childish",Garu (T1 Wind),1,4,4,5,3,2,C-166,FALSE
Izanagi,1,World,"Physical, Thunder",,,Dark,Thunder,,,,Wind,Icon,,"Nation of Gods (Physical, Thunder) – Basic attacks you declare deal +1 Thunder damage for each Persona in your stock. This damage is dealt even if the attack misses. ","Cross Slash: One target within 4 meters. HDC +1. On hit: 4d4 (10) Physical damage, plus 1 Thunder damage for each Shadow present in combat. This replaces Izanagi's basic attack. 
Raikouzan: One target within 4 meters. On hit: 4d4 (10) Thunder damage, and deals half the rolled damage to all units adjacent to the target. ",,Noble,Zio (T1 Thunder),4,1,4,4,4,2,SSV-15,FALSE
Izanagi Picaro,1,World,"Physical, Thunder",,,"Dark, Thunder",,,,,Wind,Shadow,,"God Maker – [Passive] Whenever a Persona in your stock without God Maker gains a Persona Level, grant one Persona with God Maker in your stock one Persona Level. This cannot be activated by any of an Uninvited User’s Starter Personae ","Myriad Slash: One target within 4 meters. HDC +1. On hit: 4d4 (10) Physical damage, and Izanagi Picaro gains one Mist Counter. This replaces Izanagi Picaro's basic attack. 
Raikouzan: One target within 4 meters. On hit: 4d4 (10) Thunder damage, and deals half the rolled damage to all units adjacent to the target. ","Rebellious Edge (P): When Izanagi Picaro casts a spell, it can spend 1 Mist Counter: That spell is treated as a Free action. ",Noble,Zio (T1 Thunder),4,1,4,4,4,2,SSVIII-19,FALSE
Kamiotoko,1,Devil,Almighty,,,,Dark,,,,Light,Rumor,,"Love Bites – As a quick action. you can choose an adjacent ally: With their consent, you can deal STRd2 Almighty damage to them and apply the same Buff effects you are under to that ally, for the same remaining duration. ","Hickey: One target Kamiotoko can see. Deals 1d4 Almighty damage, no check. 
Power of Rumors: As a free action, Kamiotoko can summon another Kamiotoko into combat in a position adjacent to itself. This summoned unit has the same initiative score as Kamiotoko, each Kamiotoko can only use this spell once and two Kamiotoko cannot cast this spell in the same round. ","Shapeless (P): This Shadow cannot be targeted for attacks or spells and is immune to effects that designate “adjacent targets” and “all targets within x meters”. If there are no Shadows other than Kamiotoko in combat, all Kamiotoko are automatically slain. Kamiotoko only reward 10 Experience points each. ",Flirty,Ha Astra (T1 Almighty) ,1,5,6,4,1,2,SSII-9,FALSE
Senri,1,Empress,"Fire, Heal",,,Fire,,,,,Thunder,Shadow,,Bewitching Charm – You recover up to 2 Energy each time you spend a Time block with a Confidant.,"Ha Agi: Up to 3 targets within 7 meters. On hit: 4d4+6 (16/20) Fire damage.
Soma: 1 adjacent target is healed from all Status effects, except Knockdown. ",Fire Link (P): All Fire spells cast by Senri or an adjacent ally deal 25% more damage.,Flirty,Ha Agi (T1 Fire),1,4,2,5,5,2,C-167,FALSE
Nigi Mitama,1,Temperance,"Light, Heal",,,Nuclear,"Light, Dark",,,,Thunder,Shadow,,Gentle Mitama – Donate X RP to a temple or charity institution to gain 2X Empathy Tier for all checks until the end of the day.,"Mahama: Any number of targets lose 15% of their current HP as Light damage.
Media: Nigi Mitama and all its allies recover 4d4 (10) HP",,"Noble, Friendly","Media (T1 Heal)",1,4,5,4,2,4,C-168,FALSE
Kodama,1,Star,"Wind, Status, Debuff",,,,"Ice, PSY",,,,Fire,Shadow,,Centennial Tree – Hitting the wielder of this skill with a basic attack or Physical spell refreshes the duration of all Debuff effects currently active on the attacker to 3 turns.,"Summon: Kodama sacrifices half its current HP to add another Kodama to the battle whose HP is equal to the HP sacrificed to cast this spell.
Debilitating Echo: Up to 2 targets within 6 meters. On hit: 3d4 (7) Wind damage and 50% Slowed chance.",,"Friendly, Insane",Tarunda (T1 Debuff),1,3,5,4,4,2,C-166,FALSE
Moh Shuvuu,1,Aeon,"Wind, PSY, Heal",,,,PSY,,,,Thunder,Shadow,,"Evil Bird - +1 TEC to hit against targets, as long as those targets are not within 4 meters of any other units.","Garu: HDC +1. One target within 9 meters. On hit: 3d6 (10) Wind damage.
Psi: 1 target within 10 meters. On hit: 3d4+5 (12) PSY damage. +1 HDC against targets suffering from Status effects.","Basic Regeneration (P): At the start of each of its rounds, Moh Shuvuu recovers 1d6 HP.","Friendly, Snobbish","Psi (T1 PSY)",1,3,4,5,3,4,C-169,FALSE
Koropokkuru,1,Hermit,"Ice, Debuff",,,,"Gun, Ice",,,,Intel,Shadow,,"Recluse – Once per day, during combat, if you have not taken damage since the end of your previous turn, you gain +2 Social Skill Tier and +2 to all Combat Skill checks that are not related to attacking, dodging or negotiating.","Bufu: 1 target within 8 meters. On hit: 3d6 (9) Ice damage.
Sukunda: 1 target within 10 meters. -1 TEC, -1 AGI for 3 turns.",,"Aggressive, Snobbish",Bufu (T1 Ice),1,3,2,6,5,2,C-167,FALSE
Mandrake,1,Death,"Physical, Status",,,,Ice,,,,Fire,Shadow,,Scream – The Mandrake emits a horrifying wail that can be heard for up to a kilometer away.,"Force Wave: Up to 3 targets within 4 meters are struck by a wave of sonic energy. On hit: 3d4(7) Physical damage and applies Knockdown to targets that are Weak to the Physical Type.
Pulinpa: A target within 8 meters has a 35% chance to suffer Panicked.",,"Childish, Anthropophagous",Pulinpa (T1 Status),3,1,4,3,4,6,C-165,FALSE
Orpheus,1,World,"Fire, Heal, Debuff",,,,Light,,,,"Thunder, Dark",Icon,,"Memories of Midnight (Fire, Debuff) – If you take Dark Type damage, or whenever you enter Death's Door, you can spend your Interrupt action for that round to deal X*MAG Fire damage against one target within 5 meters, where X is equal to the number of Combat Skills under the effects of Debuff on that target, no dodge check. ","Chords of Cadenza: Up to three targets in combat. If this targets a Shadow, restore their health by 20% (30) of Orpheus's maximum HP. If this attack targets a User, roll to hit. On hit: 5d4 (12) Fire damage and apply Tarunda to the target (-1 STR, -1 MAG for 3 rounds). ","Endure (P): As long as Orpheus's HP is above 1, any attack that would slay Orpheus reduces him to 1 HP instead. ",Friendly,Agi (T1 Fire),1,5,5,1,5,2,SSV-14,FALSE
Nickelwise,1,Devil,"Physical, Wind",,,,Fire,,,,"Physical, Gun, Ice",Rumor,,We All Float – You can fall from great heights and land softly and without lasting damage. ,"Bite: One target within 6 meters. On hit: Nickelwise moves to a position adjacent to the target and deals 4d4-3 (7) Physical damage. Until the end of Nickelwise's next turn, the target cannot move from its current position and suffers -1 DDC. 
Drag Away: One adjacent target. Nickelwise performs its full movement action while casting this spell, while dragging the target along with it. The target takes 1 Wind damage for each meter moved this way. ",,Insane,Cleave (T1 Physical),4,1,5,2,4,4,SSV-34,FALSE
Obabyon,1,Fool,"Physical, Intel",,,,"Physical, Nuclear",,,,Thunder,Shadow,,"Treasure Hunt – Grants +1 Discipline Tier for checks related to finding lost, stolen or missing items.","Silent Image: Creates the projection of an inanimate object. The object can only be distinguished from reality if the observer passes a TECd6 check against the caster’s TECd6 check. The object is not tangible and dissipates when a creature touches it.
Double Claws: Up to 2 targets within 3 meters. On hit: 4d6 (14) Physical damage. If Obariyon chooses 2 targets, deals half the rolled damage to each.",Resist Fear (P): Effects that cause the Fear Status effect have half the default chance to trigger on this Shadow.,Childish,Agile Analysis (T1 Intel),4,1,3,4,4,4,C-168,FALSE
Pyro Jack,1,Magician,"Debuff, Fire",,,Fire,,,,,Ice,Shadow,,"Guiding Light – Grants 1d4 to checks related to pathfinding and navigating, in the Universe and Metaverse.","Agi: A small fireball strikes a target within 10 meters. On hit: Deals 3d6 (10) Fire damage.
Sukunda: A target within 10 meters suffers -1 TEC, -1 AGI for 3 turns.","Resist Sleep (P): Pyro Jack is immune to effects that would render it unconscious.
Sharp Student (P): All attacks against this target receive -1 Critical Margin","Friendly, Anthropophagous",Agi (T1 Fire),1,3,4,3,4,2,C-164,FALSE
Queen of Hearts,1,--,"Physical, Fire, Ice, Wind",,,,Status,,,,,Tyrant,,,"Elemental Decree: Up to three targets within 6 meters. On hit: 3d4 (7) damage of Fire, Ice, or Wind damage (Narrator's choice, chosen once for all targets). 
Royal Bash: One target within 8 meters. On hit: 3d4+3 (10) Physical damage. ",,,Each User gains 300 Experience Points (Added to the default reward for this battle),3,3,4,1,4,2,SSV-37,FALSE
Merciless Companion Pixie ,1,Lovers,"Thunder, Heal",,Thunder,,,,,,,Merciless,,"Press Turn – Every time Pixie scores a Critical Hit, she gains a Press Counter. For every Press Counter Pixie has, she gains one extra turn per round. ","Amala Zio: Up to three targets within 7 meters. On hit: 5d4 (10) Thunder damage, 80% Shocked chance. 
Life Seize: One User Merciless Companion Pixie can see loses 25% of their maximum HP as Almighty damage, and Merciless Companion Pixie's HP is restored by the damage dealt. 
Megidolaon: One target and all units within 3 meters of that target, except Merciless Companion Pixie. Critical Margin +1. On hit: 5d4+MAG (15) Almighty damage. ",,,,1,5,4,5,4,4,SSVII-42,FALSE
"Vairocana, The First Step",1,Sun,"Fire, Almighty, Heal",,,"Fire, Light",,,,,,Shadow,,"The Sun, Absolute – Every time you slay a target, you gain one Manifestation Counter. When you cast a Heal Type spell that requires a dice roll, you can spend X Manifestation Counters, for no action cost: Change the roll of up to X dices to their maximum value. ","Megido Drop: One target Vairocana can see. On hit: 4d4 (10) Almighty damage. 
Maragi: Any number of targets within 5 meters. On hit: MAG (4) Fire damage and Vairocana gains 1 Manifestation Counter for each target that took damage from this spell. 
Manifested Dia: Vairocana spends all Manifestation Counters and recovers 20% (14) of its HP for each Manifestation Counter spent this way. ",,Noble,Dia (T1 Heal),1,4,5,1,5,2,SSVIII-16,FALSE
"Younger Sibling, Mermaid- α",1,Empress,"Physical, Debuff",,,Physical,Ice,,,,Wind,Alpha,,Marching Choir – Your Line Category spells gain +1m of range.,"Ravaging Song: Up to 1d4 targets within 7 meters. On hit: STRd6/2 (7) Physical damage and target suffers Rakunda (Fortify Physical & Elements -4 for 3 rounds). 
Wake-Up Punch: 1 target within 6 meters. On hit: STRd4(10) Physical damage. This attack is a guaranteed Critical Hit if the target is suffering Status effects. ",,Snobbish,Skull Cracker (T1 Phys.),4,1,2,6,4,2,SSIV-10,FALSE
Orpheus Picaro,1,World,"Fire, Heal, Debuff",Dark,,,Light,,,,Thunder,Shadow,,"Circle of Sadness – [Passive]: You cannot be targeted by effects that Revive other than Circle of Sadness. [No action cost, spend 1 Aspect Point]: During your turn, when at Death's Door, trigger to Revive at 10 HP. ","Chords of Cadenza: Up to three targets in combat. If this targets a Shadow, restore their health by 20% (30) of Orpheus Picaro's maximum HP. If this attack targets a User, roll to hit. On hit: 5d4 (12) Fire damage and apply Tarunda to the target (-1 STR, -1 MAG for 3 rounds). ","Rebellious Melody (P): As long as Orpheus Picaro's HP is above 1, any attack that would slay Orpheus Picaro reduces him to 1 HP instead. Once per round, when Orpheus Picaro’s HP is reduced to 1, the current turn ends, and Orpheus Picaro gains a second turn this round.  ",Friendly,Agi (T1 Fire),1,5,5,1,5,2,SSVIII-19,FALSE
Anzu,2,Heirophant,"Wind, Light",,,Wind,,,,,Gun,Shadow,,"Deity of Storms – As a free action, you may spend X Energy to gain Move X for the duration of the current round.","Shining Arrows: Up to 1d6 targets lose 15% of their current HP.
Garu: 1 target within 8 meters. HDC +1. On hit: 4d6 (12) Wind damage. ",Null Forgetfulness (P): Anzu cannot be restricted from using any of its actions.,"Aggressive, Anthropophagous",Shining Arrows (T1 Light),1,4,5,3,4,4,C-174,FALSE
Arcana Magician,2,Magician,Physical,,,,,,,,,Tyrant,,"Arcana of Complacency – At the end of each round where Arcana Magician does not move nor is moved from its position, it recovers 10% of its maximum HP ","Sweeping Slash: Up to three targets within 4 meters. On hit: 4d4 (10) Physical damage.
Thrash: One target within 4 meters. On hit: 4d6 (14) Physical damage and 20% Knockdown chance.",Multi-Limbed (P): Arcana Magician can declare two attacks per round.,,,4,1,5,1,5,4,SSVI-41,FALSE
Bicorn,2,Hermit,"Physical, Wind, Debuff",,,,Light,,,,"Ice, Nuclear",Shadow,,"Two-Timing – Once per day, when starting negotiation with a Shadow, you gain +1 for the relevant Social Skill for each Persona on your list besides Bicorn.","Double Claw: A series of blows that deals 3d6+5 (15) Physical damage in up to 2 targets within 3 meters on hit. If two targets are chosen, deals half the rolled damage.
Garu: A violent breeze crashes into one target within 10 meters. On hit: 4d6 (15) Wind damage. +1HDC",Apt Pupil (P): All attacks declared by Bicorn have +1 Critical Margin.,"Chaotic, Anthropophagous",Double Claw (T1 Physical),3,4,4,4,4,2,C-170,FALSE
Apsaras,2,Priestess,"Ice, Heal",,,PSY,Ice,,,,Physical,Shadow,,Dancer – You gain the ability to perform at a level that can impress the gods themselves. Grants Expression Tier +2 for all checks related to dancing.,"Celestial Dancer: Up to 1d6 targets within 7 meters heal 5d4+8 (18) HP or take 5d4 (8) Ice damage, on hit. Apsaras decides which target will suffer each effect.",,Snobbish,Death’s Edge (T1 Heal),2,5,4,3,3,2,C-171,FALSE
Bit Ball,2,--,,,,,Ice,,,,Gun,Human,,,"Call Reinforcements: Bit Ball summons another Bit Ball into combat, directly after the caster in the initiative queue. This spell can only be used by one Bit Ball per round. Bit Balls summoned by this effect do not grant Experience Points.
Jolt: One target within 4 meters. On hit: 3d4 (7) Thunder damage. If this attack misses, Bit Ball jolts itself for 5 Thunder damage.",Simple Creature (P): Does not respond to negotiation. Cannot be affected by Mind Status effects.,,,3,3,4,5,2,2,SSVI-34,FALSE
Corpses,2,--,,,,,,,,,"Gun, Fire, Light",Horde,,,"Grotesque Merge: Can only be cast through the effect of Knee-Deep in the Dead. All Users in combat. HDC +1. On hit: 3STR (12) Physical damage and Corpses chooses one target that took damage from this spell. That target is moved to a position adjacent to Corpses, and suffers the following Condition: Cannot move or be moved to a position that's not adjacent to Corpses. If Corpses takes damage it's Weak against, or suffers a Critical hit, remove this Condition. 
Shamble: Any number of targets between Corpses and a space within 6 meters. On hit: 4d10 PSY damage and Corpses is moved to the selected space. 
Death Touch (Physical): One target within 3 meters. Use the target's VIT instead of AGI to roll dodge for this attack. On hit: 4d6 (14) Physical damage. If this damage reduces the target's HP to less than 30%, the target enters Death's Door. This is a Death Category effect.","Knee-Deep in the Dead (P): Whenever Corpses reaches 75%, 50% and 25% of its maximum HP, it casts Grotesque Merge as its Interrupt action. 
Legion (P): As long as there's a User adjacent to Corpses, it can declare an extra attack this turn (to a maximum of four attacks, counting the extra attacks from the Shadow Horde features). Additionally, any damage Corpses takes that's not damage it's Weak against or from a Critical hit can be reduced by 50%, for no action cost, and Corpses can choose one adjacent target to deal that same amount of damage, of the same Type.  ",,,4,1,4,2,7,2,SSVIII-14,FALSE
Dead Lobster,2,Tower,Almighty,,,,,,,,,Rumor,,"Sleeping with the Fishes – While in Death's Door, you can spend 1 Aspect Point to declare a movement action during your turn. ",Deboning: One adjacent target. On hit: Target enters Death's Door and Dead Lobster takes 1d4 (2) points of Almighty damage (this damage ignores Briny Soul). This is considered an Almighty Death Category spell. ,"Briny Soul (P): All damage Dead Lobster takes, from any source, is reduced to 1. 
Un-sea-n Apparition (P): When combat starts, Dead Lobster is placed exactly 22 meters away from one User. Users are strongly encouraged to keep their distance from Dead Lobster. 
Pacific Motives (P): Dead Lobster cannot declare basic attacks. If all Users in combat are in Death’s Door, it leaves combat and does not reward any Experience.  ",Noble,Ma Astra (T1 Almighty) ,1,1,7,8,1,2,SSII-14,FALSE
Kusi Mitama,2,Strength,"Wind, Heal",,Nuclear,,Wind,,,,Fire,Shadow,,Mitama of the Harvest – You gain +1 Tier to the appropriate Social Skill to checks related to medicine.,"Ha Garu: Up to 3 targets within 7 meters. HDC+1. On hit: 3d4 (9) Wind damage.
Ha Dia: Kusi Mitama and all allies within 4 meters heal 3d10+10 (26) HP.",,"Aggressive, Anthropophagous",Magaru (T1 Wind),1,3,4,5,5,2,C-173,FALSE
Forneus,2,Emperor,"Ice, Status",Ice,,Status,,,,,Thunder,Shadow,,"Hellish Tutor – Once per day, you can gain advanced knowledge of a language of your choice until the end of the current Scene.","Marquis of Ice: Any number of targets. On hit: 4d4-3 (7) Ice damage and 20% Slowed chance.
Stagnant Air: All combatants. Consider our LCK as 2 points lower to determine avoiding Status effects for 3 rounds. ",Illusive (P): All Intel spells cast while Forneus is in combat have a 25% chance to not trigger. Spells affected by Illusive do not spend counters or other resources.,"Devilish, Noble",Mabufu (T1 Ice),1,4,3,4,5,4,C-174,FALSE
Hitokoto-Nushi,2,Aeon,"Nuclear, Light",,,,Nuclear,,,,Dark,Shadow,,"Scattered by the Winds – Once per day, increase your DDC by 1, but you deal half damage with all your attacks, for 3 rounds. This is a Quick action.","Meditate (Nuclear): 1 target within 8 meters. On hit: 5d4 (12) Nuclear damage and Hitokoto-Nushi gains 1 Nuclear Counter.
Oracle of the Winds (Light): Spend 1 Nuclear Counter. One target Hitokoto-Nushi can see loses 20% of their current HP as Light damage.","Evil Omen (P): At the start of each of its turns, Hitokoto-Nushi deals 1d6 Nuclear damage to all adjacent units (no dodge) for each Nuclear Counter on it.","Noble, Devilish","Mafrei (T1 Nuclear)",1,5,5,4,3,2,C-169,FALSE
Hooligan,2,--,,,,,Gun,,,,Wind,Human,,,"Bottle Throw: One target within 3 meters. On hit: 4d4 (10) Physical damage and 5TEC% (20%) Poisoned chance. 
Drunk Shot: One target within 5 meters. On hit: 4d4 (10) Physical damage. If this attack misses, the bullet ricochets and deals 2d4 (5) damage to a different User within 5 meters of Hooligan, no dodge check. ","Mob Mentality (P): When a Hooligan spawns into combat, summon another 1d4 Hooligans into combat. These summoned Hooligans reward 50 Experience Points each. This is only done for the first Hooligan spawned into combat. ",,,4,2,4,3,4,2,SSVI-34,FALSE
Merciless Delicacy Dead Lobster,2,Tower,Almighty,,,,,,,,,Merciless,,,"Pacific Motives (P): If all Users in combat are in Death’s Door, Dead Lobster leaves combat and does not reward any Exp
7ft. Under the Sea (P): Dead Lobster's movement allowance is always treated as 14, and it cannot be lowered in any way.
Briny Soul (P): All damage Dead Lobster takes, from any source, is reduced to 1. Damage dealt to Dead Lobster cannot be increased by any means.","Thermidor: This replaces Dead Lobster’s basic attack. One adjacent target. HDC +1. On hit: The target enters Death's Door, Dead Lobster recovers 15 HP and can perform its full movement action again this turn. This is considered an Almighty Type Death Category effect. ",,,1,1,7,8,1,2,SSVII-48,FALSE
Mermaid,2,Empress,"Ice, Status, Buff",,,Ice,Fire,,,,Thunder,Shadow,,"Sinking Choir – Spells you cast with the ""Dance"" clause can target 1 extra target (added after rolling for targets). ","Stormcaller Song: Up to 1d6 targets within 7 meters. On hit: 4d4-3 (8) Ice damage. 
Dormina: 1 target within 5 meters: 15+5TEC% Stunned chance. 
Rakukaja: One target Mermaid can see: Fortify Physical and Elements +4 for 3 rounds. ",,Flirty,Sukukaja (T1 Buff),1,4,4,6,3,2,SSIV-11,FALSE
Rob Roy,2,Magician,"Fire, Heal",,,,Fire,,,,Light,Icon,,"Guardian of the Land (Fire, Heal) – When you cast a Heal Type spell, you can spend 1 use of any Physical or Fire (including Earth) Type spell to use your STR instead of MAG for that Heal spell, for no action cost. ","Flaming Tongue: Up to three targets within 5 meters. On hit: 4d4 (10) Fire damage and heal one Shadow Rob Roy can see for 10% of its maximum HP for each target that took damage from this attack. 
Hope Beam: Any number of targets between Rob Roy and a point within 2TEC (8) meters. +1 HDC. On hit: 4d4 (10) Fire damage. All Shadows in this spell's area of effect recover 20% of their maximum HP, no check. ",Angel's Mercy (P): Users who take damage from Rob Roy have all their Buff effects removed. Shadows who are healed by Rob Roy have all their Debuff effects removed. ,Friendly,"Ha Magna (T1 Earth, Sea of Souls III) ",4,1,4,3,5,2,SSV-15,FALSE
Nue,2,Moon,"Physical, Dark, Status",,,Dark,,,,,"Fire, PSY",Shadow,,"Storm Cloud – You can move to an unoccupied, adjacent position to any target you can see suffering Status effects, ignoring your movement limitations, as your movement action.","Skull Cracker: 1 target within 2 meters. On hit: 4d4 (10) Physical damage. Stunned chance: 20%, +5% for each point on the hit check rolled above the dodge check.
Mamudo: Any number of targets. Instantly kills targets below 10% HP.
Confunda: 1 target within 5 meters: 45% Stun chance",,Chaotic,Ha Mudo (T1 Dark),4,1,6,4,3,2,C-172,FALSE
Omoikane,2,Heirophant,"Thunder, Intel, Debuff",,,,Thunder,,,,Ice,Shadow,,"A Gathering of Minds – Grants +1 Knowledge to the wielder for each User they can see, once per day, until the end of the Scene.","Sparking Touch: 1 adjacent target. On hit: 5d4 (12) Thunder damage. Deals double damage against Suppressor-class Users.
Simulation: Omoikane discovers 1 weakness from 1 target. If the target has no weaknesses, Omoikane can cast this spell again as a free action.","Auto Rakunda (P): At the start of combat, apply the effects of Rakunda (Fortify Physical -8 and Fortify Elements -8 for 3 rounds) to the User(s) with the highest VIT. In case of a tie, the effect is applied to all tied Users.","Devilish, Noble",Sparking Touch (T1 Thunder),1,5,5,5,2,2,C-172,FALSE
Orthrus,2,Hanged Man,"Physical, Fire",,,,Status,,,,Ice,Shadow,,"Two-Headed Beast – You can spend 1 Aspect Point while casting a Fire spell to make it so it targets one extra target, adjacent to one of the targets of the original skill.","Double Claws: Up to 2 targets within 3 meters. On hit: 4d6+2 (14) Physical damage. If two targets are chosen, deals half damage.
Fire Dance: Up to 1d6 targets within 6 meters. On hit: 4d4 (10) Fire damage.","Beastly Vengeance (P): Orthrus gains +1 STR, +1 TEC for each Shadow defeated during this combat.","Insane, Friendly",Ha Agi (T1 Fire),4,1,4,4,2,4,C-173,FALSE
Sadaco,2,Empress,"Ice, Light",,,,"Thunder, Dark",,,,"Fire, Wind",Shadow,,"Spiral – Once per day, activate the following effect: At the start of each of your turns, gain one Grudge Counter. As a Quick action, you can spend all your Grudge Counters to gain Critical Margin +1 for each Counter spent this way for the next attack you declare this round.  ","Flux: One target within 7 meters. HDC +1. On hit: Deals Light damage equal to the difference between Sadaco's hit roll and the target's dodge roll, multiplied by 2. 
Rake: Up to three targets within 7 meters. On hit: 3d4-3 (4) Ice damage. Damage dealt by this spell cannot be healed until the end of combat. ","Into the Well (P): As its Interrupt action, Sadaco can target one Shadow within TEC (6) meters and move that Shadow to a position adjacent to Sadaco. If this moves the Shadow outside of the range of an attack it's a target of, they automatically dodge that attack. ",Aggressive,Kouga (T1 Light),1,3,6,4,3,2,SSV-34,FALSE
Sandman,2,Strength,"Status, Intel",,,,Wind,,,,Thunder,Shadow,,"Sweet Dreams – You can touch a sleeping target’s head. Upon doing so, the target will have a comfortable, long night of sleep with pleasant dreams.","Sleeping Powder: Any number of targets that Sandman can see have 20+X% chance to fall unconscious, where X is the number of Sleep Counters on the target.
Tentarafoo: Any number of targets within 6 meters have 30% chance to suffer Panicked.","Sleepy Aura (P): At the start of each round, all targets Sandman can see receive 1 Sleep Counter. Unconscious targets cannot act until they’ve taken damage as long as Sandman is engaged in combat.",Friendly,Mark of Slaughter (T1 Intel),1,1,3,6,7,2,C-171,FALSE
Spirit Horde,2,--,,,,,"Fire, Dark",,,,Gun,Horde,,,"Maeiga: Any number of targets. On hit: 2d4 (5) Dark damage. At the start of each hit target's next turn, they take 1d4 (2) Dark damage. 
Rush of the Phantasms: One target within 6 meters. On hit: 2d4+TEC (11) Fire damage. ",,,,1,2,6,4,5,2,SSV-47,FALSE
Ukobachi,2,Devil,"Fire, Status",,,,Fire,,,,Light,Shadow,,"Stoking the Flame – You can spontaneously set a small patch of flammable material ablaze. This fire is not strong enough to deal damage, but can spread as a Realized effect.","Ha Agi: Up to 3 targets Ukobach can see take 4d4 (8) Fire damage on hit.
Evil Touch: 1 target within 8 meters has 45% chance of being afflicted by the Fearful Status.",,"Snobbish, Devilish",Evil Touch (T1 Status),3,4,4,3,3,4,C-170,FALSE
Saki Mitama,3,Priestess,"Ice, Heal, Debuff",,,,Ice,,,,Wind,Shadow,+4 Empathy,"Prosperity – Once per week, add 0.5 RP to your reserves.","Agi: 1 target within 8 meters. On hit: 4d8 (16) Fire damage.
Mazio: Any number of targets within 6 meters. On hit: 4d4 (8) Thunder damage and 16% Shocked chance",,"Noble, Snobbish",Recarm (T1 Heal),1,4,4,4,5,2,C-175,FALSE
Army Zombie,3,Death,,,,,Light,,,,,Minion,,,The Purge: Up to 3 targets within 5 meters. On hit: 6d4 (14) Physical damage. This bypasses the hit check if the target is under the secondary effect of David's Right Behind You. ,"The Hills Have Eyes (P): As long as Army Zombie is in combat, all Shadows in combat gain a +1d10 bonus to all dodge checks. ",,,6,1,5,1,3,2,TToH-5,FALSE
Aspect of Nadja,3,Fool,"Light, Dark, Intel",,,,,,,,,,+4 Expression,"Savior of Song – You can spend 1 Aspect Point to trigger the effect of any of the Scene Aspects from Scene V. If any User invoked an Aspect, it cannot be invoked by any User until the next day.  ",,,,,,,,,,,SSVII-29,FALSE
Aversa,3,Lovers,"Ice, Wind, Buff",,,,"Fire, Dark",,,,Wind,Tyrant,+4 Charm,"Covered Ears – Once per combat, you can choose one target you can see: That target cannot be selected as a target for Buff or Heal spells, or other effects that restore HP, until the start of your next turn. At the start of your turn, you can extend this effect as a Quick action by spending 1 Energy.  ","Enthralled Zan: One target within 9 meters. On hit: 6d4 (15) Wind damage. If one Enslaved Mirage is present when this spell is cast, this attack has +1 HDC. If both Enslaved Mirages are present, this attack deals +2d6 extra Wind damage. 
Umbral Bufu: One target within 8 meters. On hit: 6d6 (21) damage. This spell can target extra targets, equal to the number of Enslaved Mirages present in combat. 
Dark Envy (Buff): Aversa targets one User who's under the effect of a Buff Category spell, adds that Buff effect to herself, then removes it from the target. ",,,"Emblem Form (Armor, 2 RP)",1,6,5,6,3,2,SSIII-25,FALSE
David,3,Death,"Physical, PSY, Status",Dark,,,Gun,,,,Fire,Tyrant,+4 Courage,"Terrifier – Whenever you cast a Status Type spell, all Shadows adjacent to you have a 5TEC% chance to suffer Panicked. ","The Blood Curdler: The demonic fiddler plays a haunting melody. All Users suffer -1 TEC, -1 AGI for 3 rounds. This is a Debuff effect. 
Ceaseless Rhythm: David's aggressive thrumming seems to invigorate his minions. Other Shadows in combat gain +1 STR, +1 MAG for 3 rounds. This is a Buff effect. 
Right Behind You: One User David can see. When casting this spell, David is moved to a position adjacent to the target. On hit: 6d6 (21) Physical damage and the User cannot move from its position until the end of its next turn. 
Slasher: Up to three targets within 5 meters. On hit: (15) PSY damage. If any of the targets are Poisoned, they lose 25% of their max HP after damage calculation and lose the Poisoned Status. ","Rise From Your Grave (P): When combat starts, for each User, David summons one Shadow: Zombie Priest, Will O' Wisp, Mou-Ryo and Army Zombie. David will only summon repeat Shadows if there are more than four Users in combat.",,,6,1,5,2,4,4,TToH-4,FALSE
Enslaved Mirage,3,--,,,,,,,,,,Minion,,,"Rush: One target within 6 meters. On hit: The Enslaved Mirage becomes adjacent to the target, and deals 4d6 (14) Physical damage. 
Skewer: Up to 3 targets within 5 meters. On hit: 4d4-2 (8) Fire damage. ","Dark Shackles (P): Defeating this Shadow confers no Experience. If negotiation is started with an Enslaved Mirage, the User must pass a Difficulty 3 check of their prefered Social Skill. If they pass this Check, the Enslaved Mirage will attack Aversa, dealing 50 Almighty damage (no dodge check) immediately, and disappear. An Enslaved Mirage freed this way will not be summoned back into the fight by the effect of Shadow Gift. ",,,4,1,5,4,4,2,SSIII-25,FALSE
High Pixie,3,Fool,"Heal, Status",,,,"Thunder, Wind",,,,"Gun, Intel",Shadow,+1 MAG,"Faeric Commander – Once per day, you can grant +1 AGI to your ally with the lowest initiative, until the end of your next turn. This is not a Buff effect, and activating this Skill is considered a Quick action.","Dia: 1 target within 8 meters. Heals 5d4+5 (17) of target’s max HP.
Tentarafoo: Any number of targets within 6 meters. Panicked chance: 35%",,Snobbish,Soma (T1 Heal),1,5,5,5,2,4,C-178,FALSE
Fuu-Ki,3,Star,"Wind, Buff",Wind,,Nuclear,,,,,Thunder,Shadow,+1 TEC,"Whirlwind Oni – As your Interrupt action, or once per Scene out of combat, you can move an adjacent target up to TEC meters away in any direction. This effect cancels similar effects caused by Movement spells.",Vacuum Wave: Any number of targets between Fuu-Ki and a point within 4 meters. HDC +1. On hit: MAGd4 (10/15) Wind damage.,"Auto-Tarukajamon (P): Fuu-Ki gains +2 STR, +2 MAG for the first 3 rounds of combat.",Aggressive,Rakukaja (T1 Buff) ,1,4,5,4,4,4,C-176,FALSE
Angel,3,Justice,"Light, Heal, Debuff",,,Light,,,,,Dark,Shadow,+4 Knowledge,"Divine Comfort – Once per combat, when your HP drops under 50%, you gain Resist Dark until the end of the next round.","Hama: One target loses 30% of its current HP, Light damage.
Ha Dia: Caster and all allies recover 4d8+6 (24) HP
Ha Tarunda: Up to 2 targets Angel can see suffer -1 STR, -1 MAG for 3 turns.",,Noble,Ha Tarunda (T1 Debuff),1,4,5,4,4,2,C-179,FALSE
Jack Frost,3,Magician,"Ice, Heal",,,Ice,,,,,Fire,Shadow,+1 MAG,Winter Bre-hee-ze – You can freeze liquids you can touch in the Metaverse. The resulting ice is resistant enough to be used as a platform or a supporting pillar.,"Buf-hoo: 1 target within 10 meters takes 6d6 (21) Ice damage on hit.
Dia: 1 target Jack Frost can see recovers 6d4 (15) HP.",Ice Boost (P): Ice spells Jack Frost casts deal 25% more damage.,"Friendly, Childish",Mabufu (T1 Ice),1,6,6,3,3,2,C-179,FALSE
"Hungering Pyre, Moloch",3,Hanged Man,"Physical, Fire, Wind",,Dark,,,,,,"Nuclear, Light",Tyrant,+1 STR,"Feed the Flames – If all Users in combat are currently under the Aflame Condition, remove this Condition from all Users, then Moloch heals 50% of its maximum HP. ","Charred Carriage: All units in Rails I, II or III. HDC +1. On hit: X*STR Fire damage, where X is the number of Users under the effect of Aflame. After casting this spell, all Aflame Users take 4d4 (10) Fire damage and are moved to the far edge of the arena. 
Wreckage Throw: One unit Moloch can see. On hit: 4d4 (10) Physical damage and 10+5TEC% (40%) Stunned chance. 
Summon the Horde: Up to two adjacent targets. On hit: 4d4 (10) Wind damage. This spell deals 1 extra Wind damage for each meter of distance between Moloch and each target, calculated individually. ","Altar of Sacrifice (P): Moloch starts combat first in the initiative queue. Moloch cannot be moved from its position on the map by any means. 
Aflame (P): Aflame is a Condition applied by Moloch. It applies a -1 TEC, -1 AGI penalty that stacks with other Debuff effects. Aflame is removed when the User enters Death’s Door or Charred Carriage is cast.  ",,,4,4,6,1,9,2,SSVI-30,FALSE
Ippon-Datara,3,Hermit,"Physical, Fire, Status",,,,,,,,,Shadow,,"Hermit Blacksmith – Every time Ippon-Datara's HP is reduced to 0, it's revived with 100% HP at the end of its next turn. Escaping from combat against this Shadow is an automatic success. ","Crush Underfoot: One target within 3 meters. HDC +1. On hit: 5d4 (12) Physical damage. 
Light Up the Forge: One target within 3 meters. HDC +1. On hit: 3d4+3 (10) Fire damage 
Echoing Roar: All units in combat except Guardian of Kisaragi, Ippon-Datara. 20+5TEC (40%) Panicked chance. ",Mountain Wanderer (P): Ippon-Datara's movement allowance is treated as 4*AGI (12) ,,,5,3,4,3,6,2,SSVI-27,FALSE
Mishaguji,3,Aeon,"PSY, Dark, Thunder",,,,Dark,,,,Ice,Shadow,+1 TEC,Camouflage – You take 10% less damage from the first attack declared against you in combat. This is applied last in damage calculation.,"Nerve Pinch: 1 target within 5 meters. On hit: 5d6 (17) Thunder damage and 30% Shocked chance.
Psy: 1 target within 8 meters. Hit: 5d4+6 (18) PSY damage. If the target is suffering Shocked, target suffers Knocked Down.
Consume (Dark): 1 Knocked Down target adjacent to Mishaguji whose HP is below 100% is immediately put in Death’s Door.",,"Flirty, Insane",Hapsi (T1 PSY),1,5,5,2,6,2,C-181,FALSE
Mokoi,3,Death,"Physical, Status, Buff",,,,Thunder,,,,Wind,Shadow,+1 VIT,Hatred of Evil – Grants Resist Dark and Critical Margin +1 against targets with the Dark Type. ,"Pain Eater: Mokoi can transfer damage from an attack to any other target to itself, gaining Fortify (attacker’s SKL) for 3 turns after damage calculation.
Crazy Chain: Any number of targets within 6 meters. On hit: 5d4 (10) Physical damage and 10% Enraged chance.
Enrage: 1 target within 8 meters. 45% Enraged chance.",,"Insane, Childish",Gale Slash (T1 Physical),5,1,2,2,7,4,C-176,FALSE
Mou-Ryo,3,Death,,,,,Fire,,,,,Minion,,,Dawn of the Dead: All Shadows in combat except Mou-Ryo recover up to 20% of their maximum HP ,"Halloween Lives (P): As long as Mou-Ryo is in combat, all Status effects have a 15% higher chance to be applied. ",,,1,1,5,6,3,2,TToH-5,FALSE
Oberon,3,Emperor,"Physical, Thunder",,,Intel,Thunder,,,,Status,Shadow,+4 Charm,King of Moonlight – Consider your Charm Tier as +1 during Evening and Night blocks.,"Mind Slice: 1 target within 2 meters. On hit: 4d6 (14) Physical damage, 20% Panic chance.
Thunder Tango: Up to 1d6 targets within 9 meters. On hit: 4d4 (10) Thunder damage and 12% Shocked chance.",,Flirty,Holy Arrow (T1 Physical),4,4,5,3,3,4,C-177,FALSE
"Older Sibling, Mermaid- α",3,Empress,"Fire, Intel",,,Wind,,,,,"Physical, Status",Alpha,+4 Charm,"Uplifting Choir – Once per combat, when you target one ally with an Intel Type spell, you can add the following effect to the spell: Reduce the duration of Debuff effects on the target by 1 round. ","Shipwright's Song: Up to 1d4 targets within 10 meters. On hit: SKLd4(10) Fire damage and applies one Anchor Counter to the target. 
Infinite Vortex: One target Oldest Sister, Mermaid-α can see. On hit: SKLd6 (14), and this Shadow can remove any number of Anchor Counters from combat: This attack has a X*10% chance to cause Panicked, where X is the amount of Anchor Counters removed by this spell. ",,Friendly,Ha Agi (T1 Fire),4,4,4,4,4,2,SSIV-10,FALSE
Onmoraki,3,Moon,"Fire, Dark",,,Dark,,,,,Fire,Shadow,+1 TEC,"Degenerating Sutra – Once per combat, when a target casts an Intel spell, you can negate all its effects as an Interrupt action.","Ha Agilao: Onmoraki spews fireballs that hit up to 2 targets within 8 meters, dealing 4d4 (10) Fire damage on hit.
Mudoon: Instantly kills one target Onmoraki can see whose HP is under 40% of its maximum.",Resist Fear (P): All effects that can cause the Fear Status effect have their triggering chance halved.,Friendly,Eiha (T1 Dark),1,4,4,4,4,4,C-180,FALSE
Purple Mirror,3,Tower,"Intel, Status",,,,"Status, Intel",,,,Physical,Rumor,+1 TEC,"Forget-Me-Never – Once per day, you can add up to five of your Combat Skills (this takes into consideration Buff and Debuff effects): If the result is exactly 20, you can choose to gain +1 HDC or +1 DDC for three rounds, which stacks with other Buff effects. This is considered a Quick action. ","Entrance: One target within 5 meters. 10+5TEC% (50%) Charmed chance. 
Curse: Purple Mirror places 1 Curse Counter on one User it can see. All Curse Counters are removed when Purple Mirror is defeated. ","Mirror Sheen (P): At the start of each round, Purple Mirror loses all its ""Reflect"" interactions and gains Reflect to one Type (Narrator's choice). This is visually distinct and Type changes can be identified by any User with Tier I Knowledge. 
Enduring Memory (P): Every time Purple Mirror takes damage, each target with a Curse Counter takes 1d4 Intel Type damage, no check. ",Anthropophagous,Simulation (T1 Intel),1,3,8,6,1,2,SSII-9,FALSE
Slime,3,Chariot,"Physical, Dark",,,,Physical,,,,"Wind, Nuclear",Shadow,+1 VIT,Insatiable – You can eat staggering amounts of food without gaining much weight and will only be sick if the food is rotten or poisoned.,"Corrode: 1 adjacent target. On hit: 4d6+2 (16) Physical damage. If this attack drops a target to under 1 HP, they enter Death’s Door with 1 counter and their body is significantly damaged.","Blindsight (P): Slime can see normally in all circumstances.
Survive Dark (P): This Shadow cannot be killed by Death effects and is reduced to 1 HP instead.","Childish, Chaotic",Resist Physical (T1 Defense),4,1,4,4,6,2,C-178,FALSE
Suzaku,3,Sun,"Fire, Thunder",,,,Intel,,,,Ice,Shadow,+1 AGI,"Summer Flames – As long as this is your Active Persona, you gain +X Charm, where X is the price of your equipped armor divided by 2. Consider Special Armor as 10RP for the effects of this Skill.","Agi: 1 target within 8 meters. On hit: 4d8 (16) Fire damage.
Mazio: Any number of targets within 6 meters. On hit: 4d4 (8) Thunder damage and 16% Shocked chance",,"Noble, Chaotic",Zio (T1 Thunder),1,4,5,3,6,2,C-175,FALSE
Will O' Wisp,3,Death,,,,,Nuclear,,,,,Minion,,,Hellraiser: One target within 6 meters. On hit: 5d4 (12) Fire damage and 30% Slowed chance.  ,"Paranormal Activities (P): As long as Will O' Wisp is in combat, Analysis spells grant Users incorrect information decided by the Narrator. ",,,1,5,3,6,1,2,TToH-5,FALSE
Yaksini,3,Empress,"Physical, Status",,,,"Ice, Nuclear",,,,Status,Shadow,+4 Courage,"Fertile Cannibal – Once per day, apply a -1 Tier penalty to an ally’s Charm score to raise your own by 1, both until the end of the Scene.",Confunda: 1 target within 8 meters. 15+5TEC% (45%) Stunned chance.,"Sword II (P): Choose a Sword that costs up to 2 RP and equip it to Yaksini. This replaces Yaksini’s basic attack and is granted to the Users when Yaksini is defeated.
Counterattack (P): 30% chance to retaliate against a basic attack or Physical spell with her basic attack.","Aggressive, Noble","Confunda (T1 Status)",5,1,6,3,3,2,C-177,FALSE
Zombie Priest,3,Death,,,,,Status,,,,,Minion,,,The Exorcist: One target Zombie Priest can see loses 30% of its HP as Light damage. ,"Saw (P): As long as Zombie Priest is in combat, all spells declared in combat ignore effects that Null or Reflect damage. ",,,1,3,5,1,6,2,TToH-5,FALSE
Arcana Priestess,4,Priestess,"Physical, Ice, Status",,Ice,,,,,,,Tyrant,,"Arcana of Indecisiveness – Arcana Priestess may declare a Muttering Tiara as a target for its spells. If damage caused by Arcana Priestess slays a Muttering Tiara, Arcana Priestess gains a second turn this round. This effect can only activate once per round. ","Assault Dive: One target within 6 meters. On hit: 4d6+STR (18) Physical damage. 
Ha Bufu: Up to three targets Arcana Priestess can see. On hit: 4d4 (10) Ice damage. 
Pulinpa: One target within 8 meters. 35+5TEC% (60%) Panicked chance. 
Marin Karin: One target within 5 meters. 20+5TEC% (45%) Charmed chance. ",,,,4,4,5,5,5,4,SSVI-42,FALSE
Aspect of Embers – Surt,4,Tower,"Physical, Fire, Buff",,,Fire,Light,,,,Ice,Shadow,+1 STR,"Light of Muspelheim – In and out of the Metaverse, you can invoke this Natural Skill as an Aspect for the purposes of seeing in the dark or in inclement weather. ","Magna: 1 target within 6 meters. On hit: 6d6 (21) Fire damage. If the target took damage from Magna during the previous round, this attack gains +1 HDC. 
Call to Ragnarök: All units within 4 meters, except Aspect of Embers – Surt. On hit: 6d4-3 (12) Physical damage. ","Starfall (P): As long as Aspect of Embers – Surt remains in combat, every time a User takes damage from any source, they take an extra 1d4 Fire damage.  ","Noble, Aggressive",Magna (T1 Earth),6,1,4,2,6,2,SSIII-24,FALSE
B.S.R.S. Vulcan,4,--,,,,,"Fire, Intel",,,,Light,Human,,,"Schusslinie: All targets between B.S.R.S. Vulcan and one point within 5 meters. On hit: 8d4-5 (15) Gun damage. 
Armblätter: One target within 3 meters. HDC +1. On hit: 8d6 (28) Physical damage and B.S.R.S. Vulcan can move up to 1d6 spaces in any direction as a Free action. ","Shard of Longinus (P): Does not respond to negotiation. Every time a User takes damage from an attack declared by B.S.R.S. Vulcan, the User has a 40% chance to suffer the following Condition: You cannot cast spells or activate Class features until the end of your next turn. ",,,8,1,5,2,5,2,SSVI-35,FALSE
Cosmo Zombie,4,Star,"Thunder, PSY, Almighty",,,"PSY, Dark",,,,,"Fire, Light",Shadow,+4 Expression,"Malignity of the Stars – You can spend 2 Energy to grant an Almighty spell you cast Critical Margin +2, but that attack does not deal extra damage if a Critical Hit is scored ","Mazio: Any number of targets Cosmo Zombie can see. On hit: 5d4-3 (9) Thunder damage and 5TEC% (20%) Shocked chance. 
Paral Web: A circle a with 4 meters of radius centered on Cosmo Zombie that lasts for 3 rounds. Any User that enters this circle takes 5d6 (17) PSY damage and has a 20% chance to suffer Stunned (no check) 
Return to the Stars: One target within 8 meters. On hit: 5d4 (12) Almighty damage and Cosmo Zombie is moved to an adjacent position to the target, if possible. ",,Insane,Ha Psi (T1 PSY),1,5,4,5,5,2,SSII-14,FALSE
Element Horde,4,--,,,,,"Fire, Ice, Wind, Thunder",,,,"Physical, Nuclear, PSY, Status",Horde,,,"Singing Flame: One target within 6 meters. On hit: 6d6 (21) Fire damage and target suffers -1 STR, -1 MAG for 3 rounds. 
Crushing Ice: One target within 6 meters. On hit: 6d6 (21) Ice damage and target suffers -1 TEC, -1 AGI for 3 rounds. 
Sweeping Wind: One target within 6 meters. HDC +1. On hit: 6d6 (21) Wind damage. 
Exposing Thunder: One target within 6 meters. On hit: 6d6 (21) Thunder damage and target suffers Fortify All -4 for 3 rounds. ",,,,1,6,5,3,6,2,SSV-48,FALSE
Genbu,4,Temperance,"Ice, Heal, Debuff",,,,"Ice, PSY",,,,Wind,Shadow,+4 Courage,"Winter Spring – You’re warned by the Narrator of active traps, trapdoors, unstable footing or other land-based dangers.","Bufu: 1 target is struck by icy crystals. On hit: 5d6 (17) Ice damage.
Soma: 1 target within 8 meters is healed of all Status effects, except Knockdown
Tarundamon: 1 target within 8 meters suffers -2 STR, -2 MAG for 3 (6) turns.",Eternal Melody (P): Increases the maximum duration of all Debuff spells Genbu casts by 3 turns.,"Noble, Friendly",Ha Soma (T1 Heal),2,4,4,2,5,4,C-183,FALSE
Incubus,4,Devil,"Fire, Status",,,,Thunder,,,,Gun,Shadow,+1 AGI,"Repeated Exposure – When you successfully hit an attack that deals damage, the next Status Category spell against that target has a 10% higher chance of triggering.","Drain Soul: 1 target within 8 meters. On hit: Reduces target’s Energy by 1d4, raises Incubus’ MAG and TEC by half the drained amount by 2 turns.
Maragi: Any number of targets Incubus can see. On hit: 4d4 (8) Fire damage.
Pulinpa: 1 target within 8 meters. 55% Panicked chance.",,"Flirty, Aggressive",Abatma (T1 Status),1,4,4,5,5,2,C-185,FALSE
Abaddon,4,Judgement,"Physical, Heal",Physical,,Nuclear,,,,,Intel,Tyrant,+1 STR,Endless Hunger – Restore 10% of your maximum HP every time a target adjacent to you dies or enters Death’s Door.,"Swallow Whole: 1 adjacent target. On hit: 5d8 (22) Physical damage. If this attack drops the target to under 50% HP, the target is swallowed by Abaddon. Swallowed targets cannot move by any effects but can perform other actions normally. All Swallowed targets are freed if Abaddon is struck by a Critical hit or is inflicted with a Status effect. Swallowd targets bypass Abaddon’s Drain Physical, dealing normal damage with Physical attacks.
Digest: As a Quick action, Abaddon can deal 5d6 (15) Almighty damage against a Swallowed target and heal HP equal to the damage dealt. This attack does not check for dodging.","Dreadful Growth (P): Abaddon gains +1 STR, +1 VIT for each target currently Swallowed.","Chaotic, Anthropophagous","Bandana of Resilience (Accessory, +1 VIT)",5,1,6,2,6,4,C-184,FALSE
Clotho,4,Fortune,"Light, Intel, Heal",,,Wind,,,,,"Ice, PSY",Shadow,+1 TEC,By the Roots – Consider your TEC as 1 point higher against all targets that have not performed any actions during combat. This is not a Buff effect.,"Fog of War: A 5-meter area around Clotho is obscured to any number of targets until the end of Clotho’s next action. Targets within this area gain +1 DDC.
Dia: 1 target within 8 meters recovers 3d8+10 (23) HP
Hamaon: 1 target loses 52% of its current HP, Light damage.",Maculate Punishment (P): Light Type spells cast against targets suffering from Status effects deal 10% more damage.,"Noble, Friendly",Destiny Seal (T1 Intel),1,3,6,4,3,6,C-185,FALSE
Inugami,4,Hanged Man,"Physical, Buff",,,Fire,PSY,,,,Thunder,Shadow,+1 VIT,Inu-tsuki – Grants Expression Tier +1 to influence an emotionally shaken target. ,"Fatal End: 1 target within 2 meters is struck by a sharp claw, taking 4d6+2 (16) points of Physical damage on hit.","Resistant Mind (P): All Mind Status have half their original triggering chance against Inugami
Revolution (P): Critical Margin +1 to Inugami and its allies.","Chaotic, Aggressive", Cleave (T1 Physical),4,1,4,4,5,6,C-180,FALSE
Kelpie,4,Strength,Wind,,,,Ice,,,,Thunder,Shadow,+1 AGI,Sticky – Targets you hit with basic attacks cannot move for 1d4-1 turns.,Vortex: Select a point within 10 meters: All targets within 8 meters of it are pulled up to 5 meters towards it. Then all targets within 3 meters of the initial point take 5d4 (12) Wind damage on hit. This spell rolls for hit with TECd12 instead of TECd6.,Resist Charmed (P): Kelpie’s chance to be put under Charm from any source is reduced by half.,"Chaotic, Friendly",Counter (T1 Misc.),1,5,5,4,3,4,C-183,FALSE
Killer Chopper,4,--,,,,,Gun,,,,Fire,Human,,,Happy Trigger: Up to 3 targets within 6 meters. Hit: STRd4 (12) Physical damage. This is considered Killer Chopper’s basic attack. ,Bullet Rain (P): Killer Chopper declares up to two attacks per round. ,Aggressive,,5,1,6,3,5,4,SSII-16,FALSE
Koppa Tengu,4,Temperance,"Physical, Status",,,,"Nuclear, Light",,,,Ice,Shadow,+1 AGI,"Old Wolf’s Howl – Once per day, you can select a target of the same Arcana as your Active Persona and raise all of that target’s Social Skills by 1 Tier until the end of the scene.","Path of Blades: Any number of targets that become adjacent to Koppa Tengu during its movement. On hit: 4d4 (10) Physical damage.
Mabatma: Up to 2 targets within 6 meters have a 50% chance to suffer the Slowed Status.",Black Wings (P): Koppa Tengu can move 10 spaces per turn and its movement ignores obstacles shorter than this Shadow.,Aggressive,Force Wave (T1 Physical),4,1,5,6,3,4,C-182,FALSE
Muttering Tiara,4,Priestess,,,,,Fire,,,,Ice,Minion,,,"Agi: One target within 6 meters. On hit: 4d6 (14) Fire damage. 
Dia: Muttering Tiara restores 10% HP to any target in combat. ",,,,2,4,5,5,3,2,SSVI-42,FALSE
Nata Taishi,4,Chariot,Physical,,,,Fire,,,,Thunder,Shadow,+1 AGI,"Lotus Roots – When you enter Death’s Door, all your allies recover 25% of their maximum HP.",Path of Blades: Any number of targets Nata Taishi becomes adjacent to during its movement. On hit: 5d4 (12) Physical damage. Nata Taishi also performs its movement during this attack.,"Survive Dark (P): Nata Taishi survives Death Category spells with 1 HP as long as its HP is above 1.
Fire Walk (P): Consider Nata Taishi’s AGI as 8 for the purposes of determining its movement. All spaces Nata Taishi occupies during its movement are set ablaze until the start of its next turn, dealing 5d4 (12) Fire damage to any target that occupies the affected space(s), except Nata Taishi, including as part of their movement, with no dodge check.","Noble, Aggressive",Assault Dive (T1 Physical),5,1,4,6,3,2,C-186,FALSE
Neophyte,4,--,,,,,Gun,,,,Dark,Human,,,"Rallying Cry: One target Neophyte can see, except other Neophytes. Target gains the following condition: The next attack you declare bypasses hit and dodge checks.
Sanctus, Sanctus: Neophyte proclaims a Messian chant that condenses faith into raw kinetic energy. One target within 4 meters. On hit: 4d8 + 4d4 (28) Physical damage. Subtract one d4 from this spell for each meter between Neophyte and its target.","Scarred Faith (P): If Neophyte would take 25 or less damage from an attack or spell, reduce that damage by half, and Neophyte gains +1 STR, +1 TEC until the end of its next turn. This is a Buff effect.
Incomplete Conversion (P): Neophyte has a 20% higher chance to suffer Mind Status effects.",Aggressive,,4,1,4,4,5,6,BC-22,FALSE
Nozuchi,4,Moon,"Thunder, Status",,Thunder,,,,,,Ice,Shadow,+1 AGI,Temper – Double your movement allowance while you’re under the effects of Enraged.,"Discharge: Any number of targets within 8 meters. 50% (70%) Shocked chance. At the start of Nozuchi’s next turn, as a free action: On hit: 5d4 (12/15) Thunder damage against any targets within 8 meters.","Static Generator (P): Spells Nozuchi cast have a 20% higher chance to trigger secondary effects.
Thunder Boost (P): Thunder spells Nozuchi cast deal 25% more damage. ","Friendly, Chaotic","Mazio (T1 Thunder)",1,5,5,5,3,2,C-182,FALSE
Seiten Taisei,4,Aeon,"Nuclear, Wind",,,,Nuclear,Wind,,,"Fire, Intel",Shadow,+1 MAG,"The Greatest Journey – You gain +1 HDC for each Status effect you’re suffering from, but you cannot recover naturally from Status effects during combat.","Heavenly Traveler: Any number of targets Seiten Taisei becomes adjacent to during its movement. On hit: 7d4 (17) Wind damage.
Fruits of the Emperor: 1 target within 7 meters. On hit: 7d6 (24) Nuclear damage. Gains +1 HDC against targets suffering from Status effects.","Struck from Record (P): As long as Seiten Taisei is alive, all other Shadows in combat gain Null Dark.",Noble,Ha Garu (T1 Wind),1,7,3,6,2,2,C-181,FALSE
Shiisaa,4,Heirophant,"Physical, Thunder",,,Light,Physical,,,,Dark,Shadow,+4 Discipline,"Soul Barrier – Attacks declared against targets in Death’s Door, including you, have a 50% chance to fail and not remove Death’s Door counters.","Chains of Death: One target within 3 meters and all targets adjacent to the original target. On hit: 4d6 (14) Physical damage.
Zio: 1 target within 8 meters. On hit: 4d6-2 (12) Thunder damage and 24% Shocked chance.",Null Rage (P): This Shadow cannot suffer the effects of Rage.,"Childish, Aggressive","Arrow Rain (T1 Physical)",4,4,3,2,5,4,C-186,FALSE
Shiwanna,4,Star,"Thunder, Status",Thunder,,,,,,,Fire,Shadow,+1 MAG,"Clouds Interlinked – Once per round, if an ally who triggered a Weather effect this turn slays a target, you gain 1 Forecast counter. ",Abatma: One target within 5 meters. 50% Slowed chance.,"Accumulate (P): At the start of each of Shiwanna's turns, it gains one Cloud counter. 
Gathering Storm (P): At the end of each of Shiwanna's turns, all Users in combat take MAG/2 (3) Thunder damage, no dodge check, for each Cloud Counter in combat. ",Noble,Vata (T1 Weather) ,1,6,1,5,6,2,SSVI-38,FALSE
Silky,4,Priestess,"Ice, Status, Intel",,,,"Ice, PSY",,,,"Thunder, Fire",Shadow,+4 Empathy,"Sanctuary – Grants Fortify Elements 1 per 5 Confidant Ranks of the Arcana of a unit in the current combat, once per combat, for 3 rounds.","Ha Bufu: Up to 3 targets within 7 meters. On hit: 6d4-2 (13) Ice damage.
Heat Sink: 1 adjacent target. 80% Slowed chance.
Cloak of Shadows: 1 target Silky can see DDC+1 until the end Silky’s next turn. ",Sharp Student (P): Attacks declared against Silky gain Critical Margin -1. ,"Friendly, Snobbish",Bufu (T1 Ice),1,6,6,3,2,4,C-187,FALSE
Type 9x Infantry - T93G,4,--,,,,,"Physical, Ice, Status",,,,Thunder,Human,,,"Ram Protocol: One target within 7 meters. When casting this spell, T93G is moved to a space adjacent to the target. On hit: 4d6 (14) Fire damage, plus 1 damage for each space between T93G's original position and its position after casting this spell. ","Self-Destruct (P): When T39G's HP reaches 0, it declares the following as an Interrupt action: Heal it to 1 HP, and it can then move up to 4 spaces in any direction and selfdestruct, dealing 4d4+10 (24) Nuclear damage to all units adjacent to it, no dodge check. After this action, T39G is slain automatically. ",,,4,4,4,7,2,2,SSVI-35,FALSE
Ara Mitama,5,Chariot,"Physical, Thunder",,,,"Physical, Nuclear",,,,Ice,Shadow,+1 STR,Wrathful Mitama – Attacks and spells you declare gain Critical Margin +1 if you’re under the effects of Enraged.,"Intercept: As its Interrupt action, Ara Mitama can change one target of a basic attack or Physical spell to itself and suffer the Rage Status after damage calculation.
Flying Strike: 1 target within 6 meters. On hit: 6d8 (22) Physical damage. If Ara Mitama is under the effects of Rage, this attack deals (12) extra Thunder damage and cures Ara Mitama of all Status effects.","Shell (P): Ara Mitama has Fortify Physical/Gun 10 during the first 3 rounds.
Menis (P): Rage does not reduce Ara Mitama’s HDC.
Counterattack (P): 30% chance to retaliate against a basic attack or Physical spell with Flying Strike. ","Aggressive, Snobbish",Ha Zio (T1 Thunder),6,5,4,3,3,2,C-190,FALSE
Archangel,5,Justice,"Light, Status, Buff",,,Light,,,,,Status,Shadow,+1 TEC,"Third Sphere – Once per day, you can subtly influence the thoughts of a person giving their Shadow or similar Metaverse being a message.","Shining Arrows: Up to 1d6 targets within 5 meters take damage equal to 15% of their current HP, Light damage.
Macofunda: Up to 2 targets within 6 meters. 50% Stunned chance.
Tarukajamon: One target within 8 meters gains +2 STR, +2 MAG for 3 turns.",Sharp Student (P): Attacks declared against Archangel gain Critical Margin -1.,"Noble, Aggressive",Dekaja (T1 Buff),1,1,7,5,3,2,C-191,FALSE
Blue Cloak,5,Hanged Man,"Fire, Ice, Wind",,,,"Fire, Ice",,,,"Gun, Nuclear",Rumor,+1 MAG,"Shrouded in Azure – Whenever you defeat a Shadow with a Fire, Ice or Wind spell, you gain +1 TEC to calculate hit for your next declared spell. This stacks with Buff effects. ","Surround: 1 target within 6 meters. On hit: 6d6 (21) Wind damage and target suffers -2 DDC for the next attack declared against them. 
Suffocate: Up to 3 targets within 4 meters. On hit: 6d4 (20) Ice damage. 
Scrape Burn: 1 adjacent target. +1 HDC. On hit: 5d6+6 (27) Fire damage. ",,Insane,Garu (T1 Wind),1,6,5,5,1,6,SSII-10,FALSE
"Chaotic Wretch, Nyarlathotep",5,Fool,"Physical, Dark, Buff",,,,,,,,,Shadow,+1 TEC,"Chaotic Emergence – At the start of combat, you can use your Interrupt action for that round to trigger the following effect: Choose one Auto Buff effect active on you: Reduce its remaining duration by X rounds and apply a Debuff of the same intensity as the chosen Buff effect on one target within TEC meters for X rounds. ","Hysteria: At the start of combat, Chaotic Wretch Nyarlathotep gains +1 STR and +1 TEC for every 2 Users in combat, for 3 rounds. This is a Buff effect, and an Auto effect that can be used in conjunction with Chaotic Emergence. 
Stun Claw: One target within 6 meters. On hit: 4d6 (14) Physical damage and 5TEC% (35%) Shocked chance. 
Sickening Syphon: One target within 7 meters. On hit: 4d6 (14) Dark damage. If the target has a Neutral or Weakness interaction against Dark, they lose 1d4 Energy. ",Madness from Beyond the Stars (P): Nyarlathotep takes half damage from all attacks. This is applied last in damage calculation. ,Insane,Shining Trapezohedron: A small red jewel that shines gently and has no obvious use.,4,1,7,2,6,2,SSIV-24,FALSE
Chironnupu-α,5,Hermit,"Physical, Intel, Buff",,,,"Fire, Ice",,,,Dark,Alpha,+1 AGI,"Warding Shout – Once per combat, when you cast an Intel spell that targets an ally, you can add the following effect to that spell: Choose one Buff effect active on the target, extend its duration by 1 round. ","Enduring Cheer (Intel): One target Chironnupu-α can see gains the following trait: If this Shadow is reduced to 0 HP before the end of its next round, it's instead healed to 50% HP. Users who attack the target of this spell gain the Analyzed condition. 
Warding Shout (Buff): Any number of allies gain Resist against one Type until the end of Chironnupu-α's next round. 
Ha Sukukaja: Chironnupu-α and one ally it can see gain +1 TEC, +1 AGI for 3 rounds, and both targets gain the Analyzed condition. ",,Friendly,Monitor (T1 Intel),3,1,5,6,5,2,SSIV-12,FALSE
Fanatic,5,--,,,,,Dark,,,,"Fire, Wind",Human,,,"Selfless Sacrifice: Slay Fanatic, heal 30% of each other Shadow’s max HP, and apply a -2 STR, -2 MAG Debuff to all Users in combat. This Debuff lasts for 3 rounds. ","Hopeful Faith (P): Whenever Fanatic takes damage it’s not Weak against or from a Critical hit, heal all other Shadows in combat by half of the final damage dealt.",Insane,,1,5,6,6,3,2,BC-23,FALSE
Garm,5,Hermit,"Physical, Fire",,,,Wind,,,,Gun,Shadow,+1 STR,"Flame Eater – If you would take Fire damage, you instead regain HP equal to half of the damage and gain +1 STR, +1 TEC for 3 rounds. This is a Buff effect. ","Fierce Bite: One target within 5 meters. Garm moves to a position adjacent to the target when this spell is cast. On hit: 6d6 (21) Physical damage and applies the Bitten condition to the target. 
Flame Breath: Up to three targets within 5 meters. On hit: 6d4 (12) Fire damage. If any targets are adjacent to Garm when this spell is cast, they have -2 DDC against this attack ","Sharp Fangs (P): Bitten is a condition that can be applied to Users through the effect of Fierce Bite. Each Garm can only apply Bitten to one target at a time. Bitten targets take 1d4 (2) Physical damage for each meter they move or are moved, and Garm is automatically moved to a position adjacent to the Bitten User whenever they move. If Garm cannot be placed in an adjacent space, remove Bitten from that User. ",Anthropophagous,"Magna (T1 Earth, Sea of Souls III)",6,1,6,4,4,2,SSVII-32,FALSE
Ghoul,5,Death,"Physical, Status, Debuff",,,"Ice, Nuclear",,,,,"Fire, Light",Shadow,+1 VIT,Soul of Calamity – You take half damage from spells that designate “adjacent targets” if you’re not the main target.,"Necrotic Bite: One target within 2 meters. On hit: 5d6 (17) Physical damage and 50% Poisoned chance.
Ha Poisma: Up to 2 targets within 8 meters. 40% Poisoned chance.
Tarundamon: 1 target Ghoul can see suffers -2 STR, -2 MAG for 3 turns.",,"Chaotic, Insane",Sukunda (T1 Debuff),5,1,5,1,9,2,C-188,FALSE
Helldog,5,Aeon,"Fire, PSY",,,Fire,Status,,,,Light,Shadow,+1 AGI,"Hound of Shadows – Once per combat, you may choose to teleport as your movement action. You gain +AGI movement allowance and your movement does not trigger any effects.","Fangs of Hades: One target within 6 meters. Hit: 3d6+7 (17) PSY damage and move the target to a space adjacent to Helldog
Circle of Flame: All targets within 3 meters. HDC +1. Hit: 4d4 (10) Fire damage.",,"Aggressive, Anthropophagous",Mapsi (T1 PSY) ,3,4,5,6,3,2,C-193,FALSE
Hua Po,5,Hanged Man,"Fire, Status",,Fire,,,,,,Gun,Shadow,+4 Expression,"Spirit of the Trees – Once per day, you can replicate the singing of the Hua Po. You gain Expression Tier +2 for the duration of the current scene, but all artistic works you produce during this scene inspire sadness and melancholy.","Agi: 1 target within 8 meters. On hit: 6d6 (21) Fire damage.
Terrible Fascination: Any number of targets within 6 meters. 50% Charmed chance.",,"Snobbish, Flirty",Poisma (T1 Status),1,6,6,4,3,2,C-189,FALSE
Kanna & Thanatos-α - LV5,5,--,"Thunder, Nuclear, Dark",,,,"Physical, Light, Dark",,,,,User,,"Facsimile – Kanna has Hetelic Resistances, but no access to Hetelic Actions. Kanna starts each combat with four Aspect Points. When Kanna enters combat, choose one of her Levels and use the appropriate Combat Skills and spells. ","Universal Aspect: As an Interrupt action, Kanna can spend 1 Aspect Point to immediately gain a second turn, once per Round. 
Negotiate: Kanna can start negotiation with any User she can see as a Standard action. Consider all her Skill Tiers as 2 for this negotiation. On a success, the target loses up to 1d4 Aspect Points and Kanna gains the amount lost.
Cursed Zio: One target within 8 meters. On hit: MAGd6 (17) Thunder damage. At the start of Kanna’s next turn, for no action cost: Burst: 2MAG (10) Thunder damage. 
Hysteric Haeiha: Up to 3 targets within 6 meters. On hit: MAGd4 (12) Dark damage and 30% Shocked chance.",,,,2,5,4,5,4,2,SSIV-9,FALSE
Kashiyama,5,Hanged Man,"Thunder, Status, Intel",,,,,,,,PSY,Tyrant,,"Snapshot – Whenever Kashiyama takes damage from a spell cast by a User, it can use its Interrupt action to note down the information of that spell, such as damage, range, and extra effects. This information can then be used to cast Kill the Radio Star as a Hetelic Action. ","Photon Shot: Any number of enemies in a straight line between Kashiyama and one point Kashiyama can see. On hit: 7d4 (17) Thunder damage for the first target, then half the rolled damage for each subsequent target. 
We'll Make You a Star (Intel): One target Kashiyama can see has 25+5TEC% (50%) chance to suffer the following effect: Move the target to a position adjacent to Kashiyama and spend 1 available spell use from its deck: Kashiyama immediately casts that spell as if it were on his list, similar to the effect of Kill the Radio Star. If the User does not suffer this effect, or if the User has no spell uses to spend, Kashiyama loses all Hetelic uses for this round. 
Poison Scatter: Up to two targets within 5 meters. This spell treats the targets' Status Affinity as -1 (Min. Weak). 45+5TEC% (70%) Poisoned chance ","Auto-Masukundamon (P): At the start of combat, all Users suffer -2 TEC, -2 AGI for 3 rounds. This is a Debuff effect.",,,1,7,5,5,4,2,SSVII-25,FALSE
Leanan Sidhe,5,Lovers,"Dark, Status, Debuff",,,,Wind,,,,Fire,Shadow,+4 Expression,"Muse – You can gain Expression Tier +2 and Knowledge Tier -3 until the end of the current Scene, once/day.","Mudo: Leanan Sidhe kills a target whose HP is under 40% of its maximum.
Marin Karin: One target within 6 meters has 70% (90%) chance to suffer Charmed.
Tarundaou: One target suffers -3 STR and -3 MAG for 3 turns",Irresistible (P): This Shadow has a 20% higher chance to inflict Charmed.,"Flirty, Anthropophagous",Mudo (T1 Dark),1,1,8,5,4,4,C-192,FALSE
Loup-Garou,5,Fortune,"Physical, Thunder",,,Thunder,Fire,,,,"Ice, Light",Shadow,+1 STR,"Unholy Shapeshifter – During the Evening and Night blocks, you gain +1 Tier for Charm, Expression and Courage, but suffer -1 Tier for Knowledge, Discipline and Empathy ","Critical Aura: Loup-Garou's next attack has +1 HDC and +4 Critical Margin 
Souffle D'éclair: One target within 4 meters. HDC -1. On hit: 4d12 (26) Thunder damage. 
Damascus Claw: One target within 5 meters. On hit: 5d8 (22) Physical damage. On crit: Instead of dealing double damage, Loup-Garou can deal the same rolled damage to another target within range (no dodge check) ",,"Noble, Chaotic",Double Claw (T1 Phys.),5,4,4,1,4,6,SSIV-11,FALSE
Merciful Clergyman,5,--,"Nuclear, PSY, Intel",,,Light,Intel,,,,Thunder,Tyrant,,"Silent Song –Every time Merciful Clergyman deals damage of a Type the target is Weak to, he can choose to apply the effects of Tarundamon, Rakundamon, or Sukundamon to the target, after damage calculation, as a Free action. ","Holy Wrath: Can only be cast by the effects of Hetelic Actions. One target Merciful Clergyman can see. HDC +2. On hit: 6d8 (27) damage. This damage is of a Type the target is Weak to, chosen by the Narrator. If the target has no weaknesses, this attack deals Almighty damage. 
Mapsio: Any number of targets within 7 meters. On hit: 6d4 (15) PSY damage. 
Freila: One target within 8 meters. On hit: 6d6 (21) Nuclear damage. If this spell hits, it deals half the rolled damage to all adjacent units to the target, no dodge check. ",,,All Users gain 7 Charm points.,1,6,6,1,7,2,SSV-39,FALSE
Nekomata,5,Magician,"Physical, Wind",,,,Wind,Wind,,,Ice,Shadow,+4 Charm,"Invocation – Revive a Shadow that was slain during this combat and immediately start negotiation. This revived Shadow will not grant any bonuses or Experience, or trigger any death-related effects upon being slain again.","Storm Slice: One target within 3 meters. On hit: 4d6 (14) and roll a second attack. On hit: 4d4 (10). Both attacks deal Physical damage
Ha Garula: Critical Margin +2 or HDC +2. On hit: 4d4 (10) Wind damage to up to 3 targets within 7 meters.",,"Noble, Flirty",Magaru (T1 Wind),4,4,5,5,3,4,C-192,FALSE
Oni,5,Strength,Physical,,,,"Physical, Gun",,,,,Shadow,+1 STR,Looter – You can search through or loot an area much faster than normal.,Crush: One target within 3 meters. On hit: 5d6 (17) Physical damage. On Critical: +5d4 (12) Physical damage.,"Shura Tensei (P): At the start of each of its turns, Oni loses 10 HP and gains +1 STR (this effect stacks with previous activations and other Buff actions) and 1 Luck Charge.
Evil Eyes (P): All Attacks Oni declares gain Critical Margin +2.","Chaotic, Aggressive",Counter (T1 Misc.),5,1,5,4,5,2,C-189,FALSE
Orobas,5,Heirophant,"Fire, Buff",,,,Thunder,PSY,,,Physical,Shadow,+4 Knowledge,"Goetian – Once per day, you can learn a considerable amount of information about an event that’s happened at your current location in the past.","Ha Agilao: Up to 3 targets within 7 meters are pierced by burning lances that deal 4d6 (14) Fire damage on hit.
Ha Tarukajamon: Up to 2 targets Orobas can see gain +2 STR, +2 MAG for 3 turns.",Resist Stun (P): Orobas has half the specified chance to suffer from the Stunned Status from any sources.,"Devilish, Aggressive",Sukukaja (T1 Buff),1,4,6,6,3,2,C-191,FALSE
Phoenix,5,Sun,"Physical, Fire, Wind",,,Wind,Ice,,,,Thunder,Shadow,+4 Empathy,"Miracle Tears – As a Quick action, you can spend X Energy and target an adjacent unit: Restore 10X% of the unit’s HP.","Cleave: All targets between Phoenix and a point within 3 meters. On hit: 4d4+2 (12) Physical damage. Phoenix is moved to the chosen spot.
Purifying Flame: Any number of targets Phoenix can see. On hit: 5d4 (14) Fire damage. Instantly kills targets below 20% HP.
Flapping Wings: A strong gust of wind blows in a specific direction, throwing a target and all adjacent units 1d4+5 (7) meters away. If an obstacle stops this movement, each interrupted target takes 5 Wind damage to each meter of movement performed by this spell.",Enduring Mind (P): No effects can reduce this Shadow’s MAG score.,"Noble, Anthropophagous",Maragi (T1 Fire),4,5,4,3,4,2,C-188,FALSE
Red Cloak,5,Hanged Man,"Physical, Status, Debuff",,,,"Physical, Light",,,,"Fire, Ice",Rumor,+1 STR,"Bathed in Scarlet – When you defeat a Shadow with a basic attack, you can spend a Quick action to gain +1 HDC for your next basic attack. ","Sneak: Up to 3 targets within 6 meters. -2 AGI, -2 TEC for 3 rounds. 
Stab: One adjacent target. -1 HDC. On hit: 6d6 (21) Physical damage and 30% Panicked chance. 
Slither: Red Cloak moves so its adjacent to another unit. This is considered a standard action. ",,Devilish,Rakunda (T1 Debuff),6,1,6,1,4,6,SSII-10,FALSE
Scanner,5,--,,,,,Physical,,,,,Human,,,"Crystal Clear: One target Scanner can see. If the target is under any Buff effects, this spell gains +3 HDC. On hit: 5d6+3 (20) Nuclear damage, remove all Buff effects from the target, and apply the following Condition to the target: Cannot gain or benefit from Buff effects for 3 rounds.
Brain Sucked Dry: One target within 6 meters. On hit: 5d6-4 (13) PSY damage and target loses 1d6 Energy.
Recarmdra: (Interrupt) If one Shadow that is not a Scanner would be slain; Scanner can sacrifice 100% of its current HP to heal that Shadow to 100% HP.","Magnetic Faith (P): (Interrupt) When a User declares a basic attack or casts a damage-dealing spell, Scanner can change up to one of the targets of that spell to itself. It rolls to dodge normally, if able.",Insane,,2,2,2,2,7,2,BC-22,FALSE
Speedy,5,Chariot,"Thunder, PSY",,,,Thunder,,,,Fire,Rumor,+4 Expression,"Never Fade Away – Once per day, when you enter Death's Door, you can spend X Death's Door counters to cast a damage dealing spell, up to Tier X, from your deck, as an Interrupt action. ","Lights Out: All targets standing in red spaces. On hit: 5d4 (12) Thunder damage and 20% Knocked Down chance. On dodge: Deals half damage and does not apply Knocked Down. 
Panic Voice: Any number of targets. On hit: 5d4 (12) PSY damage and moves the unit to an unoccupied red space on the map. ","Chippin' In (P): As long as Speedy is present in combat, every time a unit takes damage it's Weak against, add one Fervor Counter to combat. As a Quick action, Users can spend X Energy, up to the number of Fervor Counters in combat, to add Xd6 to a damage or hit roll, once per turn. ",,,1,5,5,4,5,2,SSVII-13,FALSE
Tao Tie,5,Tower,"Physical, Debuff",,Dark,,,,,,,Shadow,+1 MAG,"Ruinous Soul – All Almighty Type spells cast during a combat you participate in deal 10% more damage, but cost 1 extra Energy to cast, even if Energy wouldn’t be spent for this cast otherwise.","Megido: One target within 8 meters and all targets adjacent to it. On hit: 6d4 (15) Almighty damage.
Navas Nebula: One target within 5 meters and all targets adjacent to it. On hit: 4d4 (10) Physical damage. Applies Tarundamon (-2 STR, -2 MAG for 3 turns) on all hit targets.",,Childish,Astra (T1 Almighty),4,6,4,3,3,2,C-187,FALSE
???,5,Magician,"Fire, Heal",,,,,,,,Physical,Tyrant,,"Phantasmal – If any damage dice rolled against this unit is its maximum value, re-roll that dice once.","Flicker: ??? recovers 1 HP. 
Volcanicker: Any number of units in combat. On hit: 6d4 (15) Fire damage and extend the duration of any Debuffs on the target by 1 round. ","Not Quite There (P): Whenever ??? would declare an attack, it has a 10% chance to cast Flicker instead.",,,1,6,6,5,3,2,SSVII-26,FALSE
Orgone Ghost,5,Magician,"Fire, PSY, Heal",,,,,,,,Gun,Tyrant,,"Life Force – Whenever a User regains HP through a Heal or Imbue Category effect, outside of Revive effects, Orgone Ghost can spend its Interrupt action to regain HP equal to half of the HP recovered by that effect. ","Rest: At the end of each other unit's turn, if Orgone Ghost didn't take damage this turn, it recovers 10% (20) of its maximum HP. This lasts until the start of Orgone Ghost’s next turn. 
Volcanicker: Any number of units in combat. On hit: 7d4 (17) Fire damage and extend the duration of any Debuffs on the target by 1 round. 
Brain Burst: One target within 6 meters. On hit: 7d6 (24) PSY damage. If the target is Poisoned, trigger Poisoned damage on the target immediately. ","Absorb (P): If Orgone Ghost would be slain while Kashiyama is present in combat, Orgone Ghost can, for no action cost, drain Kashiyama's HP, up to its current HP, to regain that same amount of HP immediately ",,,1,7,6,5,6,2,SSVII-27,FALSE
Yomotsu-Shikome,5,Fool,"Physical, Dark, Status",,,,Ice,,,,Fire,Shadow,+1 AGI,"Chaser – Once per combat, you can choose one target: It cannot be moved further than 5 meters from you. Effects that would force movement past that threshold are automatically stopped at 5 meters of your your position.","Aeon Rain: Up to 3 targets within 4 meters are struck by whip-like strands of hair. On hit: 6d4 (15) Physical damage (Gun).
Mamudo: Any number of targets whose HP are below 32% are killed immediately.
Crushing Strength: 1 target within 8 meters. 110% Knockdown chance.",,"Devilish, Chaotic",Maeiha (T1 Dark),6,1,6,6,2,2,C-190,FALSE
Ernesto,5,Chariot,"Almighty, Heal",,Gun,,,,,,Status,Icon,"+1 MAG, +4 Courage","Flag of Freedom (Almighty, Heal): As a Quick action, when you slay a target with an Almighty Type spell, you can spend any number of uses of a Heal Type spell from your deck to place a Flag of Freedom on the space occupied by the slain target. Users adjacent to the Flag of Freedom can spend a Quick action to receive the effect of the chosen spell as if the User who placed the Flag had cast it. This can be done a number of times equal to the number of uses spent to place this effect. Only one Flag of Freedom can be present in combat at a time. ","Revolutionary Waltz: Any number of targets Ernesto can see. On hit: 7d4 (17) Almighty damage. After damage calculation, all Users who were targeted by this spell are placed in a straight line in front of Ernesto, in any order. Users who took damage from this spell cannot declare movement actions until the end of Ernesto's next turn. 
Grandest Partisan: All targets between Ernesto and one point within 6 meters. This spell automatically rolls for Critical Hits without spending Luck Charges. On hit: 7d4+5X (17) Almighty damage, where X is the number of targets that failed the dodge check against this spell. ","Godlike Speed (P): For every two spaces Ernesto moves or is moved, it recovers 10% (20) of its maximum HP. ","Noble, Friendly",Diarama (T2 Heal),1,8,5,4,6,2,SSVII-37,FALSE
Ame-No-Uzume,6,Lovers,"Ice, Thunder, Intel",Fire,,,,,,,"Wind, Light",Shadow,"+4 Expression, +1 AGI","Ama-no-Iwato – You can create a zone of pure darkness around you with a radius of up to TEC meters, once per day.","Absolute Zero: Up to 4 targets. You can decrease the number of targets to deal 5 extra points of damage to each target not hit. If this spell hits only 1 target, halve their movement allowance for 1 round. On hit: 5d4 (12) Ice damage.
Zionga: 1 target, On hit: 5d6-3 (14) Thunder damage, 40% Shocked chance. ",Blessing of the Great Liar (P): All information acquired by Intel while Ame-No-Uzume is present in combat is incorrect.,"Noble, Flirty",Materialistic Perception (T2 Intel),1,5,5,6,4,2,C-195,FALSE
Arcana Emperor,6,Emperor,"Physical, Debuff",,,,,,,,"Fire, Ice, Wind, Thunder, Nuclear, PSY",Tyrant,,"Arcana of Rigidity – Each time Arcana Emperor moves or is moved, it takes 1d4 (2) Almighty damage for each space moved. ","Swift Strike: Any number of targets within 10 meters. On hit: 6d4 (15) Physical damage. If Arcana Emperor is Enraged, perform this attack once more this round. 
Royal Command: All Users in combat suffer Fortify Physical & Elements -8 for 3 rounds. This is a Debuff effect. ","Emperor Paradigm: At the start of each round, Arcana Emperor's Physical, Gun, Light, Dark, Status and Intel interactions become Neutral, and it gains Reflect against two of these Types (determined by the Narrator). This is not obviously visible to the Users unless one of them succeeds on a Knowledge (3) check. Passing this check also reveals one Type Arcana Emperor now reflects. ",,,6,1,7,3,6,2,SSVI-44,FALSE
"Arcana Empress",6,Empress,"Wind, Status",,,,,,,,"Physical, Gun",Tyrant,,Arcana of Spurning – Damage reflected by Arcana Empress ignores Resist and treats Null as Resist.,"Garula: One target within 8 meters. +1 HDC. On hit: 6d8 (27) Wind damage. 
Magaru: Any number of targets within 6 meters. On hit: 6d4 (15) Wind damage and 30% Fearful chance 
Bewilder: Two targets Arcana Empress can see. 20+5TEC% (55%) Enraged chance. ","Empress Paradigm: At the start of each round, Arcana Empress's Fire, Ice, Wind, Thunder, Nuclear and PSY interactions become Neutral, and it gains Reflect against two of these types (determined by the Narrator). This is not obviously visible to the Users unless one of them succeeds on a Knowledge (3) check. Passing this check also reveals one of the Types Arcana Empress now reflects.  ",,,1,6,7,6,3,2,SSVI-43,FALSE
Chris The Car,6,Chariot,"Physical, Status, Debuff",,,,Physical,,,,Fire,Shadow,"+1 STR, +1 AGI","Don’t Walk – While performing your movement action, you can choose to deal STR Physical damage to any number of units you become adjacent to. ","Squash: One target within 7 meters. Chris is moved to a position adjacent to the target. On hit: 6d6 (21) Physical damage and 4TEC% (20%) chance to Knockdown. 
Burning Rubber: Any number of targets within 5 meters. Slowed chance: 7TEC+10% (45%). 
Voracious Thing: All units in combat, including Chris, receive Weakness to Status until the end of Chris's next turn. ","Crumple Zone (P): Chris starts combat with ""Resist"" against all Types except Fire, but Resistances other than Physical are removed after it takes damage from that Type once. ","Insane, Aggressive",,6,1,5,7,5,2,SSIII-17,FALSE
Andras,6,Devil,"Thunder, Heal",,,,Ice,,,,Gun,Shadow,"+4 Expression, +4 Empathy","Goetian Assassin – Once per day, you can use your Interrupt action force an enemy to re-roll a dodge check against one of your attacks.","Mazio: Any number of targets. On hit: 5d4-4(8) Thunder damage, 30% Shocked chance, 20% Enraged chance. Critical Margin +1 Mediarama: Any number of targets. Heals 5d8+8 (35) HP, 20% Enraged chance.
Somafuri: One adjacent target or Andras. Heals all negative Status, except Knockdown, and applies the effect of Enraged.","Blazing Rage (P): All spells Andras cast have a 20% chance to cause Enraged on the targets and Andras.
Apt Pupil (P): Attacks declared by Andras have Critical Margin +1.",Devilish,Zionga (T2 Thunder),1,5,4,6,4,4,C-194,FALSE
Gyrator,6,--,,,,,Thunder,,,,PSY,Human,,,"IED: One User within 5 meters. On hit: SKLd8 Physical damage, and Gyrator takes 1d8 Almighty damage. If this attack does not deal damage to its original target, Gyrator takes SKLd8 Almighty damage.
Those Who Come After: Add any other Messian unit to combat, using the same initiative spot as Gyrator, replacing up to three of its Combat Skills by Gyrator’s scores, then slay Gyrator. Units added in combat by this effect do not grant Experience when defeated.","Pillaging Faith (P): When combat starts, and at the end of every turn Gyrator was targeted for an attack, Gyrator targets one User and selects one of that User’s Combat Skills: Swap Gyrator’s and that User’s scores for that Combat Skill until the end of combat. This is not a Debuff effect.",Snobbish,,1,1,1,1,5,1,BC-24,FALSE
Holy Knight,6,--,,,,,Light,,,,Thunder,Human,,,"Veni Creator Spiritus: Up to two targets within 4 meters. On hit: 6d6 (21) Wind damage.
Push Back: All Users in combat suffer -2 TEC, -2 AGI for 3 rounds. This is a Debuff effect.
Castling: One Shadow Holy Knight can see, except other Holy Knights. Holy Knight is moved to the target's position, and the target is moved to Holy Knight's original position. After this, if either Holy Knight or the target are adjacent to a target, they can declare a basic attack against an adjacent unit as an Interrupt action.","Gouging Faith (P): If damage dealt by an attack declared by Holy Knight exceeds 15, that damage cannot be healed for 1d4-1 rounds. This is a Condition that can stack.",Snobbish,,1,6,5,5,5,2,BC-23,FALSE
Inui,6,--,,,,Dark,,,,,Fire,Human,,,"Bullet Hail: All units within 5 meters, except Inui. On hit: 7d4 (17) Physical damage. 
Binding Shout: Up to three units within 5 meters. If this spell targets a Platoon Soldier, it can perform a basic attack as its interrupt action this round. If this spell targets a User, 5TEC+10% (35%) Slowed chance. 
Death Before Dishonor: One Platoon Soldier whose current HP is less than 20% of its maximum (13). That Platoon Soldier is immediately slain, and Inui recovers 20% of its maximum HP (50). ","The Empire Everlasting (P): When Inui enters combat, summon a number of Platoon Soldiers equal to the number of Users in combat. They roll for initiative normally. ",,,7,1,5,4,6,4,SSIV-14,FALSE
Isis,6,Priestess,"Fire, Wind, Thunder",,,Dark,,,,,Fire,Shadow,"+1 MAG, +4 Empathy",Divine Body – Your chance to recover from all Nerve Status becomes 50%.,"Ha Agi: Up to 3 targets within 7 meters. On hit: 7d4 (17) Fire damage
Mazio: Any number of targets. On hit: 7d4-6 (11) Thunder damage and 28% Shocked chance
Garu: 1 target within 8 meters. On hit: 7d6-3 (15) Wind damage. HDC +1 or Critical Margin +1.","Resist Fear (P): This Shadow has half the normal chance to suffer from Fear.
Boundless Knowledge (P): At the start of Isis’s turn, it can discover one weakness of one User.","Friendly, Noble",Magarula (T2 Wind),1,7,5,5,3,2,C-195,FALSE
Principality,6,Justice,"Light, Status, Heal",,,,"Physical, Light",Thunder,,,"Gun, Fire",Shadow,"+1 TEC, +1 VIT","Materialist – +2 Tiers to the relevant Social Skill Tier to appraise the origin, value and purpose of items the User can see and touch.","Hamaon: One target loses 65% of its current HP (Light) Divine Decree: One target that can hear. 70% Charmed chance.
Bless: One target within 8 meters recovers up to 30% of its maximum HP.",Resist Panic (P): This Shadow has half the normal chance to suffer the effects of Panic.,"Noble, Snobbish",Evil Smile (T2 Status),1,1,8,5,5,4,C-196,FALSE
Jikokuten,6,Temperance,"Physical, Buff, Debuff",,,,"Physical, Light",,,,"Dark, PSY",Shadow,"+1 STR, +1 LCK",Melody and Harmony – Decreases your chance to suffer from any Status effect by 10% for each ally adjacent to you.,"Revolution: Critical Margin +1 to all combatants for 3 turns.
Fatal End: 1 target within 3 meters. On hit: 5d6 (17) Physical damage.
Sukunda: A target within 8 meters suffers -1 TEC, -1 AGI for 3 turns. ","Master of the Revolution (P): As long as Jikokuten is alive, Jikokuten and all its allies gain Critical Margin +2 to all their Attacks.","Noble, Aggressive",Fatal End (T2 Physical),5,1,5,3,4,8,C-194,FALSE
Kaiwan,6,Star,"Dark, Buff",,,"Status, Gun",,,,,Intel,Shadow,"+4 Knowledge, +4 Expression",Inimitable – Once per day you can spend 1 Aspect Point to force a person who doesn’t know you personally to completely forget about your face and other defining features.,"Circle of Silence: Kaiwan creates a circle with 4 meters of radius centered on itself that lasts for 3 rounds. Creatures within this circle suffer a -2 penalty to MAG.
Summon Phantoms: Any number of targets within Circle of Silence take 6d4 (15) Dark damage, no dodge. This spell deals damage based on Kaiwan’s TEC.
Ritual Circle: Grants +2 TEC, +2 AGI to any number of targets as long as they remain inside Circle of Silence.",,Noble,Dark Boost (T2 Dark),1,1,6,6,6,2,C-198,FALSE
Killer Duck,6,Chariot,"Fire, Debuff, Dark",,,,Fire,,,,Status,Rumor,"+1 TEC, +1 VIT","The Worse Self – Whenever one of your Aspects is Compelled, you recover up to 1d4 Energy ","Orphan-Maker: Up to three targets within 5 meters. On hit: 5d4+5 (17) Fire damage and each target has a +20% chance to suffer the next Status effect they receive.
Clock Cleaner: One target Killer Duck can see. 25+5TEC% (60%) Fearful chance.","The Fox Hunt (P): As long as Killer Duck remains in combat, at the end of the turn of any unit suffering a Status effect, that unit loses 10% of its maximum HP as Dark Type damage. ",Insane,Sexy Dance (T2 Status),1,5,7,3,5,4,SSVI-36,FALSE
Kukunochi,6,Star,"PSY, Status, Debuff",,,,"Thunder, Light",,,,Physical,Shadow,"+1 MAG, +1 VIT","Centennial Forest – Once per combat, when you are targeted by a unit who's under a Status effect, you can cast a Mono Category Debuff spell as your Interrupt action before hit and damage calculations. ","Tetrakarn: Kukunochi grants Reflect Physical and Gun to itself. After reflecting Physical or Gun once, this effect is removed. 
Psio: One target within 7 meters. On hit: 4d8 (22) PSY damage. If the target is suffering a Status effect, bypass the target's dodge check. ","Spirit of the Trees (P): At the start of combat, Kukunochi summons a number of Prayer-Infused Kodama equal to the number of Users in combat. Each Prayer-Infused Kodama rolls for initiative independently. 
Echoing Prayer (P): Whenever one or more Prayer-Infused Kodama are slain, Kukunochi can spend its Interrupt action to summon 1d2-1 PrayerInfused Kodama into combat. ",Friendly,Rakundamon (T2 Status),1,5,2,6,7,2,SSVI-40,FALSE
Lamia,6,Empress,"Fire, Status",,,Dark,"PSY, Gun",,,,Ice,Shadow,"+1 TEC, +4 Charm",Grieving Eyes – Your chance to recover from Mind Statuses becomes 50%. ,"Agilao: 1 target within 8 meters. On hit: 5d6+3 (20) Fire damage.
Macofunda: Up to 2 targets within 6 meters. 45% Stunned chance.
Ghastly Wail: HDC-1. On hit: Kills any number of targets suffering from Status effects.",,"Flirty, Anthropophagous",Agilao (T2 Fire),1,5,6,5,4,4,C-198,FALSE
Magus,6,--,,,,,Fire,,,,"Ice, Nuclear",Human,,,"Metaverse Static (P): Metaverse Static is a Condition with the following effect: “You can only receive Buff Effects or Heal effects, except Revive effects, from targets who are affected by Metaverse Static.”
Rosary Flame: Magus sings an irate prayer that summons fire down from the sky. One target within 6 meters. On hit: 5d6 (17) Fire damage and target suffers the Metaverse Static Condition for 1d4 rounds.","Severing Faith (P): Whenever Magus would take damage, that damage is divided by the number of targets under Metaverse Static, applied last in damage calculation.",Aggressive,,1,5,6,5,5,1,BC-24,FALSE
Mothman-α,6,Moon,"Status, Debuff, Almighty",,Status,Dark,,,,,"Fire, Light",Alpha,"+1 TEC, +1 VIT","Extreme Reality – At the start of combat, roll AGId6 and note down the result. Once during this combat, you can spend your Interrupt action to change the result of one Shadow's dodge roll for the result you rolled. ","Glue Shot: One ally within 7 meters. 40+5TEC% (70% Slowed chance) 
FINAL REALITY: All Users in combat. HDC +1. 6d4 (15) Almighty damage, plus 1 Almighty damage for each Hit point rolled over each target's Dodge roll. ","Auto-Ha Sukundamon (P): At the start of combat, all Users suffer -2 TEC, -2 AGI for 3 rounds. This is a Debuff effect. ","Friendly, Insane",Abatmaja (T2 Status),1,6,6,1,8,2,SSVI-39,FALSE
Naga,6,Hermit,"Physical, Thunder",,,"Thunder, Nuclear",Dark,,,,Wind,Shadow,"+4 Courage, +1 TEC","Constellation of the Serpent – Poison caused by the wielder of this Skill cannot be healed naturally at the end of the turn, but can be healed by any HP-restoring effect or item, besides the usual ways.","Zionga: 1 target within 8 meters. On hit: 5d6-5 (12) Thunder damage and 40% Shocked chance.
Venomous Spear: One target within 3 meters. On hit: 5d6(30) Physical damage and 40% Poisoned chance.",,"Snobbish, Aggressive",Zionga (T2 Thunder),1,5,5,4,5,2,C-196,FALSE
Padlock,6,--,,,,,"PSY, Fire",,,,,Human,,,"Tear Off: One Bound target. On hit: Remove Bound from the target, and lower their current HP to 1. This is considered Almighty damage.
Clamp Down (Intel): Up to three Users within 7 meters. 40% chance to apply Bound. Targets who do not suffer Bound instead suffer Intel Affinity -1 for 3 rounds. This is a Debuff effect.
Fire Slash: 1 target within 8 meters. On hit: 4d8 (18) Fire damage.","Snap Shut (P): Bound is a Condition applied by Padlock, visually represented by a heavy and painful padlock piercing through the User's body. Bound targets cannot move or be moved by any means. Attacks and spells declared by Bound targets have -2 HDC. The first time a User is Bound, the party may roll an Expression (2) check, Risking allowed, to reveal the following insight about the Bound Condition: The padlock placed on the User can be targeted for attacks. It has 40 HP, cannot dodge and has no Type Affinities. If an attack lowers the padlock's HP to zero, the Bound Condition is removed and that User becomes immune to this Condition until the end of combat. ",,,4,1,5,6,6,2,SSVIII-15,FALSE
Patriot,6,--,,,,Dark,,,,,Light,Human,,,"Taunt (Buff): Patriot and any number of targets receive the following effect: +2 STR, +2 MAG, -2 AGI, -2 TEC for 3 rounds. 
Tathlum Shot: One target within 8 meters. +1 HDC. Hit: STRd6+4 (18) Physical damage. 
IED: One target within 5 meters. On hit: STRd4 (10) Fire damage. On miss: Deals half the rolled damage.  ",,Insane,,4,1,6,6,5,4,SSII-16,FALSE
Platoon Soldier,6,--,,,,,Fire,,,,Thunder,"Human, Minion",,,Snipe: This replaces Platoon Soldier's basic attack. One target within 8 meters. On hit: 3d6 (10) Fire damage. ,"Intercept (P): If Inui would take damage from an attack, Platoon Soldier can spend its Interrupt action to change the target of that attack to itself. It takes double damage from attacks redirected this way. 
Crimson Cherry Blossom (P): If Platoon Soldier is slain by a basic attack or spell, they self-destruct, dealing 3d4+2 (9) Physical damage to all Users in combat (no dodge check). ",,,3,3,5,4,3,4,SSIV-14,FALSE
Prayer-Infused Kodama,6,Star,,,,,"Wind, Status",,,,,Minion,,,"Shimenawa Bind: Any number of Users. 20+5TEC% (60%) Panicked chance. 
Whisper: One target within 6 meters. On hit: 4d8 (18) Wind damage and the target cannot perform the LCK check to avoid Status effects for 3 rounds. This is a Debuff effect. ",,,,1,4,8,4,4,2,SSVI-40,FALSE
Setanta,6,Emperor,"Physical, Buff",,,"Thunder, PSY","Nuclear, Status",,,,Intel,Shadow,"+1 STR, +4 Courage",Watchdog – Grants +1 STR as long as your spot in the initiative queue is immediately after an ally and before an enemy.,Giant Fist: One target within 2 meters. On hit: 7d6-2 (22) Physical damage and Knockdown.,"Auto-Sukukajaou (P): +2 AGI, +2 TEC during the first three rounds of combat.
Loyal Guardian (P): As his Interrupt action, when an attack is declared, Setanta may change one of the attack’s targets to itself.","Friendly, Aggressive",Ha Rakukaja (T2 Buff),7,1,4,4,4,2,C-197,FALSE
Shax,6,Aeon,"Nuclear, Ice",,,,"Nuclear, Ice",,,,PSY,Shadow,"+1 VIT, +1 LCK","Lord of Treasures – Once per day, if you were the first User to deal damage to a Shadow, and were the User who dealt the killing blow to that same Shadow, you gain 1 RP.","Atomic Spark: Up to 3 targets Shax can see. On hit: 4d4 (10) Nuclear damage, grants 1 Nuclear Counter to Shax.
Avalanche: One target Shax can see. On hit: Xd8+X Ice damage, where X is the number of Nuclear Counters Shax currently has.","Ritual Core (P): Each time Shax takes damage, it loses 1 Nuclear Counter.",Devilish,Freila (T2 Nuclear) ,1,4,4,5,6,4,C-193,FALSE
Sudama,6,Hermit,"Wind, Intel",,Wind,,Nuclear,,,,Ice,Shadow,"+1 MAG, +4 Empathy","Guide of the Forest – In areas with natural vegetation, you are warned of possible dangers by the Narrator. Add +2 Tier to any relevant Skill to search or investigate in areas of natural vegetation.","Shuffle: Sudama can alter the initiative score of a target to place it anywhere in the combat’s initiative queue. This effect starts at the start of the next round. Murderous Phobia: One target within 6 meters rolls an attack against itself, dealing SKLd6 Intel damage.
Tempest: 1 target within 8 meters. On hit: 7d4 (17) Wind damage and Knockdown. Can be cast as an Interrupt action.",,Childish,Vacuum Wave (T2 Wind),1,7,4,4,5,2,C-197,FALSE
Yamata No Orochi,6,Judgement,"Physical, Ice",,,Ice,Dark,,,,Status,Shadow,"+1 STR, +1 VIT","Kusanagi-no-Tsurugi – You can spend 1 Aspect Point to remove any immediate danger from the current Scene, such as hazardous terrain and traps, including those you have not seen yet.","Blizzard Fangs: Up to 3 targets within 4 meters. On hit: 5d4 (18) Physical damage and 5d4-8 (10) Ice damage
Devastating Winter: All combatants within 5 meters. HDC +1. On hit: 5d4 (12) Ice damage and Weakness to Ice until the end of this Shadow’s next turn. This spell can only be cast once, but creates an area with 5 meters of radius around this Shadow that lasts until the end of the combat and rolls damage for all targets within it at the start of each round.","Serpent’s Gaze (P): This Shadow takes no damage from Interrupt actions.
Unshakable Will (P): This Shadow is immune to Mind Status.","Noble, Chaotic","Comfortable Parka (Armor, 3 RP)",5,1,5,2,8,2,C-199,FALSE
Adam,7,Emperor,"Physical, Status, Nuclear",,,,"Physical, Wind",,,,"Ice, Status",Shadow,"+1 STR, +1 TEC","Born of Dust – If you are adjacent to a User whose Active Persona is Eve, Physical spells you declare gain +1 HDC. ","Breaking Rush: All targets between Adam and a point within 6 meters. On hit: 5d6 (17) Physical damage and 5TEC+10% (40%) Slowed chance. After casting, Adam is moved to the end point of this spell. 
Violet Aeon: Up to 3 targets within 7 meters. On hit: 5d6 (17) Nuclear damage, and grant Adam 1 Nuclear Counter for each target hit. 
Desolate Lands: If Eve is reduced to 1 HP, Adam can use his Interrupt action to sacrifice up to 50% of his current HP to heal Eve for the amount sacrificed. ",,"Noble, Friendly",Freila (T2 Nuclear),5,1,6,1,8,2,SSIV-13,FALSE
Anubis,7,Hanged Man,"Light, Dark",,,"Dark, Intel",,,,,Fire,Shadow,"+1 TEC, +4 Knowledge","Mummified – Enter negotiation with a Shadow defeated during this combat, but suffer a -2 Tier Penalty to your chosen Social Skill during this round.","Ammit: One target within 10 meters suffers the Judgement Status. This visually obvious affliction creates an ankh of dark energy over the target’s chest and can be cured by any Status removal effect.
Hama: 1 target loses 40% of its current HP as Light damage.","Final Sentence (P): At the start of Anubi’s turn, it heals 3d10 (13) HP and reduces one target under the effects of Judgement HP’s to 0. The Status and its effects can be discovered through a Knowledge Tier II check, and disappears when Anubis is defeated.","Devilish, Snobbish",Eiga (T2 Dark),2,1,5,5,6,4,C-201,FALSE
Choronzon,7,Magician,"Physical, Fire, Status",Fire,,,,Thunder,,,Light,Shadow,"+4 Knowledge, +4 Expression","Demon of Dispersion – Once per day, you may move yourself and an ally up to TEC meters in different directions as your Interrupt action.  ","Skull Cracker: 1 target within. On hit: 4d6 (14) Physical damage; 20% Stunned chance plus +5% per hit point rolled above target’s dodge. 
Purifying Flame: Any number of targets. On hit: 4d4 (10) Fire. Kills targets below 20% HP 
Terrifying Visage: Any number of targets within 6 meters. 45% Fearful chance.  ",,"Insane, Devilish",Sexy Dance (T2 Status) ,4,4,4,1,6,4,C-313,FALSE
Mithra,7,Temperance,"Light, Heal",,,Ice,PSY,,,,Thunder,Shadow,"+1 TEC, +4 Empathy","An Offer You Can’t Refuse – At the start of each combat, roll TECd6 and write the result down. During combat, you may substitute one of your attack rolls by that value.","Recarm: One previously slain Shadow returns to life with 50% of its maximum HP.
Divine Judgement: One target Mithra can see loses 62% of its current HP (Light damage)",Null Fear (P): This Shadow does not suffer the effects of Fear.,"Noble, Anthropophagous",Caduceus (T2 Heal),1,2,6,5,5,4,C-201,FALSE
Dakini,7,Empress,"Physical, Buff",,,,Fire,,,,,Shadow,"+1 STR, +1 AGI",Cleave the Sky – Grants +2 AGI to determine your movement during leaps or flight.,"Honed Swords: The next Physical attack declared by Dakini deals 50% more damage.
Tempest Slice: 1 target within 3 meters. On hit: 8d4 (20) Physical damage and declare a second attack. On hit: 8d4-5 (15) Physical damage.
Sword V: Dakini wields a sword that costs up to 5 RP. This replaces her basic attack and is granted to the Users when Dakini is defeated.","Hyper-Counter (P): 30% chance to retaliate against a basic attack or Physical spell with a basic attack or Tempest Slice.
Auto-Sukukajaou (P): +2 TEC, +2 AGI to Dakini for the first 3 rounds of combat.","Flirty, Noble",Path of Blades (T2 Physical),8,2,5,2,4,2,C-205,FALSE
Eligor,7,Emperor,"Physical, Fire, Buff",,,,Fire,,,,Ice,Shadow,"+1 STR, +1 VIT","Strategist – At the start of the combat, you can discover an enemy’s interaction with a Type of your choice.","Maragion: Any number of targets this Shadow can see take 5d4 (12) Fire damage on hit.
Mounted Charge: One adjacent target. On hit: 5d8 (22) Physical damage. If this Shadow moved at least 4 meters before attacking, apply Knockdown to the target on hit.
Glory to the Flag! Any number of targets who can hear this Shadow gain +1 STR, +1 MAG, and +1 TEC for 3 turns.","Bloody Vanguard (P): Targets this Shadow attacked this turn take 20% extra damage from all other sources.
Knightly (P): This Shadow can move 10AGI meters per turn.","Noble, Aggressive",Cruel Impulse (T2 Physical),5,5,5,1,7,2,C-200,FALSE
Kaguya,7,Moon,"Light, Heal, Intel",,,"Light, Dark, Nuclear",,,,,Fire,Shadow,"+4 Charm, +4 Expression","Moon Kingdom’s Princess – Once per session, you may null the damage and secondary effects you would receive from an attack of the following Types: Physical, Fire, Ice, Thunder, Wind, Nuclear, PSY.","Rejection (Light): Reduces 1 target’s current HP to 1.
Selene (Almighty): Deals 1 point of Almighty damage to all combatants, no dodge check.
Stunning Galaxy (Intel): All targets whose HP are below 15+5TEC% (50%) are rendered unconscious (cannot perform any actions until attacked)
Lydia: One target Kaguya can see restores 25% of its HP at the end of each of its turns until the target or Kaguya dies. Lydia can only be active on one target at a time. ",Moon’s Blessing (P): Kaguya can nullify all effects of 1 attack per round.,"Noble, Friendly",Prayer Bead (Consumable),1,4,7,4,6,2,C-203,FALSE
Eve,7,Empress,"Wind, Status",,,Status,,,,,Physical,Shadow,"+1 MAG, +1 AGI","Born of Flesh – If you are adjacent to a User whose Active Persona is Adam, you gain +1 DDC against Physical Type attacks ","Zanma: Before selecting a target, Eve is moved to a position adjacent to Adam, if possible. One target within 8 meters. On hit: 6d8 (27) Wind damage. If Eve is adjacent to Adam and there are no other units adjacent to either of them, this attack hits automatically (no dodge check). 
Forbidden Fruit: Any number of targets. On hit: 6d4 (15) PSY damage. If a target of this spell is under a Status effect, this attack hits automatically (no dodge check). ","The Fruit Divided (P): For each Nuclear Counter Adam has, Eve gains +1 TEC. This is not a Buff effect.","Snobbish, Childish",Psio (T2 PSY),1,6,5,6,3,2,SSIV-13,FALSE
La Llorona,7,Empress,"Physical, Ice, Status",,Ice,,,,,,Light,Shadow,"+1 STR, +4 Charm","Suffocating Grudge – Whenever you take damage from an attack, you can move up to 1d6 meters towards the unit that dealt that damage, for no action cost. ","Grasp: One target within 6 meters. On hit: 6d8 (27) Physical damage and the target cannot from their position until the end of La Llorona’s next turn. 
Drowning Embrace: One adjacent target. If the target cannot move from its position, this attack does not allow rolling to dodge. On hit: The target cannot declare standard or movement actions until the end of La Llorona's next turn and takes 5d10 (27) Ice damage. 
Desperate Wail: Any number of targets. 20+5TEC% (40%) chance of Slowed. If a target fails the resistance check for Slowed, they cannot move from their current position until the end of La Llorona's next turn. ",,Aggressive,Seal Bomb (T2 Phys.),6,5,4,4,3,2,SSII-15,FALSE
Legion,7,Fool,"Status, Debuff",,,,"Physical, Fire",,,,"Light, PSY",Shadow,"+1 TEC, +1 VIT","Made of Many – Casters that use Intel against you or your allies acquire one false info, of your choice. This can include the number of combatants and apparent combat prowess.","Possess: 1 target within 6 meters. 100% Charmed chance and -3 AGI. Both effects are healed at the end of target’s turn.
Ha Sukundamon: Up to 2 targets Legion can see. -2 TEC, -2 AGI for 3 turns.","Toppled Walls (P): As long as Legion is alive, all Shadows ignore Karn category effects.",Anthropophagous,Wage War (T2 Status),1,1,7,3,7,4,C-204,FALSE
Kikuri-Hime,7,Priestess,"Fire, Heal",,,Wind,,,,,Fire,Shadow,"+1 MAG, +1 AGI","Plea to the Divine – Once per day, in a Scene that features a recentlydeceased corpse, you can uncover a critical hint regarding the circumstances of death or regarding the scene when the death took place.","Ha Agilao: Up to 3 targets within 7 meters. On hit: 6d6-2 (19) Fire damage.
Diarama: 1 target within 8 meters heals 6d8 (27/40) HP.
Ring of Fire: Any number of targets within 5 meters. Allies within this area gain Resist Fire for the duration of this spell. Deals MAG (6) Fire damage at the end of the turn of each User within 5 meters of Kikuri-Hime. This effect lasts 3 turns. ",Divine Grace (P): Heal Type spells cast by Kikuri-Hime restore 50% more HP. ,Snobbish,Diarama (T2 Heal),1,6,4,6,3,2,C-205,FALSE
Heqet,7,Aeon,"PSY, Heal",,,,Ice,,,,Status,Shadow,"+4 Empathy, +1 TEC","Matriarch of the Waters – Once per week, whenever you or another user gains a new Persona, grant that Persona +1 SP. This has no action cost and can be activated even if this isn’t your active Persona.","Item Knowledge: Heqet declares an Almighty Type attack against one target within 7 meters. On hit, she can use one non-Special consumable in the target’s inventory on herself or any other Shadow.
Mapsio: Any number of targets within 6 meters. On hit: 5d4 (12) PSY damage. If Heqet is suffering from a Status effect, Heqet is healed from this Status and each hit target has a 60% chance to suffer that Status.",,"Devilish, Childish","Shirk (T2 PSY)",2,5,7,4,2,2,C-206,FALSE
Lilim,7,Devil,"Ice, Debuff",,,Dark,Nuclear,,,,Light,Shadow,"+4 Charm, +4 Empathy",Irresistible – Add +1 to negotiation checks against Flirty Shadows.,"Bufula: 1 target within 8 meters is pieced by a frozen javelin, taking 5d8 (22) Ice damage on hit.
Rakundyne: 1 target Lilim can see suffers Fortify Physical -24, Fortify Elements -24 for 3 turns.","Earthly Desires (P): At the start of each of this Shadow’s turns, all Users have a 10% chance to suffer Charmed.","Flirty, Snobbish",Heatsink (T2 Ice),1,5,5,5,4,4,C-200,FALSE
Mithras,7,Sun,"Thunder, Light, Dark",Fire,,Status,,,,,Intel,Shadow,"+1 MAG, +1 TEC","Bloodbath – Whenever you kill a target using a Death category spell, any number of targets adjacent to the original target lose 2TEC% of their current HP as Light damage.","Sacrificial Dagger: Mithras can kill a Shadow, with no check and as a Quick action, to raise all its Combat Skills by 2 for 3 turns.
Divine Judgement: One target loses 50+2TEC% (62%) of its current HP, Light damage.
Mudoon: One target whose HP is under 30+3TEC% (40%) of its maximum is killed.
Zio: 1 target within 8 meters. On hit: 7d6 (24) Thunder damage e 21% Shocked chance.",,Noble,"Thunder Boost (T2 Thunder)",1,7,6,4,3,4,C-202,FALSE
Myrmecoleon,7,Star,"Wind, Status",,,Wind,,,,,,Shadow,+1 STR,"Versatile Stomach – Consumables used on yourself recover 10 HP, in addition to their stated effects.","Wind Rush: Up to 1d6 targets within 5 meters. On hit: 6d6 (21) Wind damage. If the number of targets rolled is greater than the number of Users in range, Myrmecoleon might choose the same target up to two times each. 
Toxic Bite: 15+5TEC% (55%) Poisoned chance. Targets Poisoned by this spell suffer Wind Affinity -1 until they're healed of Poisoned. ",,"Friendly, Anthropophagous",Vile Breath (T2 Status),1,6,8,1,5,2,SSVII-32,FALSE
Rastaman,7,--,,,,,Wind,,,,PSY,Human,,,"Rest: Rastaman recovers VITd4 (20) HP 
Poison Spit: Up to 3 targets within 3 meters. 25+5TEC% (50%) Poisoned chance. 
Stab: One adjacent target. On hit: 3d10 (16) Physical damage. Guaranteed Critical hit if the target is Poisoned.  ",,Devilish,,3,5,5,1,8,2,SSII-16,FALSE
Succubus,7,Devil,"Fire, Dark, Status",,,Dark,Fire,,,,Gun,Shadow,"+4 Expression, +4 Charm",Lady of Dreams – Targets suffering Charmed automatically fail dodge checks against you.,"Sulfur’s Kiss: 1 target within 8 meters. On hit: 6d4+2 (17) Fire damage and 5TEC% (25%/45%) Charmed chance.
Eternal Dream: 1 target Succubus can see whose HP is under 25% dies immediately. If the target is suffering from Charmed, increase the cap of this spell to 40%.
Ghastly Wail: Any number of targets suffering Status effects. HDC -1. On hit: Target is put into Death’s Door immediately.","Status Boost (P): Succubus has 20% more chance to cause any Status effect.
Soul Syphon (P): Targets that fail a dodge check against Succubus lose 2 Energy. ","Flirty, Anthropophagous","Haeiga (T2 Dark)",1,6,5,7,2,2,C-202,FALSE
Takeminakata,7,Hanged Man,"Physical, Thunder",,,,Dark,Physical,,,Intel,Shadow,"+1 STR, +1 TEC","Fallen Avenger – You gain +1 STR, +1 TEC while your HP is below 50%. This is not a Buff effect.","Akasha Arts: One target within 4 meters. On hit: 6d6 (21) Physical damage. Takeminakata can sacrifice 10X HP para to hit X extra targets.
Electrical Current: For each 10 HP below Takeminakata’s maximum, declare one attack with the following parameters: 1 target within 6 meters. On hit: 4d4+2 (12) Thunder damage.",Auto-Rakukaja (P): Resist Physical and Elements +8 for the first 3 rounds of combat.,Chaotic, Chains of Madness (T2 Physical),5,4,5,4,3,2,C-204,FALSE
Wendigo,7,Devil,"Physical, Status",,Ice,,Dark,,,,Fire,Shadow,"+4 Empathy, +1 MAG, +1 AGI","Gray Waves – Once per day, you may select one of your Combat Skills that’s under the effect of a Buff spell: Apply the same bonus to another Combat Skill for the same duration.  ","Maha Aquadyne: Up to 3 targets within 8 meters. On hit: 6d6 (21) Ice damage. Ignores Resist Ice. HDC +1 against targets within Circle of Sleep. 
Mazurka: 1 target within Circle of Sleep. As long as the chosen target remains under the effect of a Circle effect, Weak attacks against the target gain Critical Margin +2 ","Circle of Sleep (P): A 4-meter radius area around Vivian is converted into a placid lake. Users within this area have their movement allowance halved and have a 20% higher chance to be inflicted with any Status effect. 
Lady of the Lake (P): Users outside of the Circle of Sleep who declare an attack against Vivian must first roll a 1d4. If the result is odd, the attack does not affect Vivian. ","Noble, Flirty",Mabufudyne (T3 Ice),6,1,5,4,5,2,C-316,FALSE
Zombie Mouse,7,Hanged Man,"Physical, Status, Debuff",,,,"Physical, Gun",,,,,Rumor,"+1 TEC, +1 LCK","Plane Crazy – (Quick) You can target one Shadow under a Debuff effect to a Combat Skill: You gain Fortify <Physical & Elements> +X, where X is the difference between the Shadow's base Skill and its current value, for the duration of the Debuff effect. This is a Buff effect. ","Stab-boat Willie: Up to two targets Zombie Mouse can see. On hit: 4d6 (14) Physical damage and the target cannot roll to recover from Status effects until the start of Zombie Mouse's next turn. 
The Barn Dance: All units in combat. Against Shadows, this spell has a 100% Enraged chance. Against Users, this spell has a 20+5TEC% (45%) Stunned chance. ",,Chaotic,Ha Sukunda (T2 Debuff) ,4,1,5,5,7,2,SSVI-36,FALSE
Kaguya Picaro,7,Moon,"Light, Intel, Heal",,,"Light, Dark, Nuclear",,,,,Fire,Shadow,"+4 Charm, +4 Expression","Lunar Sovereign – [Free, once per combat, spend 1 Aspect Point]: Choose one Type you're not Weak against: Gain <Type> Affinity +1 until the end of combat. ","Rejection (Light): Reduces 1 target’s current HP to 1. 
Selene (Almighty): Deals 1 point of Almighty damage to all combatants, no dodge check. 
Stunning Galaxy (Intel): All targets whose HP are below 15+5TEC% (50%) are rendered unconscious (cannot perform any actions until attacked). 
Lydia: One target Kaguya can see restores 25% of its HP at the end of each of its turns until the target or Kaguya dies. Lydia can only be active on one target at a time.  ","Rebel Moon (P): At the start of each round, Kaguya gains Affinity +1 against one Type. If Kaguya has an Affinity of Resist or higher against more than 5 Types at once, it immediately loses all Affinities gained by Rebel Moon, and gains two extra turns this round, directly after her default turn. ","Noble, Friendly",Prayer Bead (Consumable),1,4,7,4,6,2,SSVIII-20,FALSE
Arcana Chariot,8,Chariot,"Physical, Status",,,,,,,,Dark,Tyrant,,"Arcana of Anxiety – Arcana Chariot deals 20% more damage against targets that act before it in the initiative queue, and 20% less damage to targets that act after itself. ","Power Charge: The next time Arcana Chariot casts Kill Rush, its damage is multiplied by 2.5.
Kill Rush: Any number of targets between Arcana Chariot and a point within 6 meters. On hit: 8d6 (28) Physical damage and Arcana Chariot moves to the chosen point.
Poison Mist: All Users in combat. 15+5TEC% (55%) Poisoned chance.",,,,8,1,8,6,6,2,SSVI-49,FALSE
Arcana Hierophant,8,Heirophant,"Thunder, Status, Debuff",,Thunder,,,,,,,Tyrant,,"Arcana of Tarnishing – All Status effects against Users suffering from Debuff effects have a 20% higher chance to activate. At the start of each Users’ turn, if they are suffering from a Status effect, increase the duration of all Debuffs on that User by 1d4 rounds. ","Zionga: One target within 6 meters. On hit: 5d8 (22) Thunder damage and 30% Shocked chance.
Prophecy of Ruin: All Users in combat. 20+5TEC% (55%) Fearful chance.
Sukundamon: One target within 8 meters. -2 TEC, -2 AGI for 3 rounds. This is a Debuff effect.
Dekaja: Arcana Hierophant removes all Debuff effects from itself.",,,,1,5,7,3,7,2,SSVI-45,FALSE
Nandi,8,Star,"Wind, Status, Heal",,,Wind,,,,,Fire,Shadow,"+1 TEC, +4 Expression",Artist of the Heavenly Temple – Grants Expression Tier +1 to all checks that involve musical performances. Songs you play inspire and relax all that hear it.,"Garula: 1 target within 10 meters. On hit: 6d6 (21) Wind damage. Critical Margin +2
Crushing Might: 1 target within 8 meters. 115% chance of Knockdown
Ha Diarama: Caster and all allies within 4 meters heal 6d8+5 (33) HP",Breeze of Renewal (P): Restores 20% of this Shadow’s maximum HP each time it hits a target with a Wind spell.,"Noble, Friendly",Stagnant Air (T2 Status),1,6,8,3,4,4,C-207,FALSE
Arcana Lovers,8,Lovers,"Physical, Status, Almighty",,,,,,,,,Tyrant,,"Arcana of Attrition – A User who declares an attack against another User, either by the Charmed Status or by the effect of Heartbreaker, is forced to roll for a Critical hit, if possible. ","Holy Arrow: One target within 10 meters. On hit: 3d8+3 (16) Physical damage and 30% Charmed chance. 
Spirit Drain: One target Arcana Lovers can see loses 2d4 Energy. If the target's Energy is below 0 after this spell resolves, Arcana Lovers can declare one extra Hetelic Action this round. 
Life Drain: One target Arcana Lovers can see. On hit: (STR+MAG)d6 (21) Almighty damage and Arcana Lovers recovers health equal to half the dealt damage. If the target is Charmed, this attack gains Critical Margin +3 and can roll for Critical Hits without spending Luck Charges. ",,,,3,3,8,7,3,2,SSVI-46,FALSE
Calm Nurse,8,--,,,,,Fire,,,,Ice,Minion,,,"Diarama: Kind Doctor recovers 20% (52) of its maximum HP. 
Evil Smile: Any number of targets. 10+5TEC% (35%) Fearful chance ",,,,1,6,5,3,3,2,SSV-41,FALSE
Ardha,8,Judgement,"Physical, Heal",Ice,,"Fire, Thunder",,,,,,Shadow,"+1 STR, +1 MAG",God and Goddess – Grants Expression Tier +2 for disguise checks and Charm Tier +1 for flirting checks.,"Brave Blade: 1 adjacent target. HDC +1. On hit: 7d6 (24) Physical damage.
Cosmic Flame: All combatants. On hit: 7d4 (17) Fire damage","Paired Step (P): +1 DDC against Physical, Nuclear and Wind Type attacks","Noble, Flirty",Herculean Strike (T2 Physical),7,7,6,3,6,4,C-209,FALSE
Caring Nurse,8,--,,,,,Ice,,,,Fire,Minion,,,"Matarukajamon: Kind Doctor, Calm Nurse and Caring Nurse gain +2 STR, +2 MAG for 3 rounds. 
Marakundamon: Any number of Users in combat suffer Fortify Physical and Elements -8 for 3 rounds. ",,,,1,1,3,7,6,2,SSV-41,FALSE
Ganga,8,Priestess,"Ice, Status, Heal",Ice,,,,,,,Fire,Shadow,"+1 MAG, +1 TEC","Purity of the Waters – Once per combat, you can remove all Nerve Status of a target who can hear you as a Quick action.","Bufula: 1 target within 10 meters. On hit: 7d8 (31) Ice damage
Source of Renewal: All adjacent targets are healed of all Status effects and recover 30% of their maximum HP.
Challenge: Ganga and a target within 6 meters. 80% Enraged chance. Ganga can fail the test automatically.","Swift Orb (P): Grants +2 TEC, +2 AGI for 3 rounds to the Shadow with the lowest initiative score. ","Noble, Childish",Mabufula (T2 Ice),1,7,7,3,6,2,C-210,FALSE
Decarabia,8,Fool,"Fire, Intel",,,,"Dark, Status, Nuclear",,,,Physical,Shadow,"+1 MAG, +4 Knowledge","Hellish Metamorphosis – Once per day, you can summon a giant bird and gain the effects of Magnificent Wings+ (Pg. 143) until the end of the scene.","Dazzling Circle: A circle with a 4m radius centered on Decarabia. Any number of targets within the circle have a 40% chance to be Stunned at the start of each round. The circle lingers in the arena for 3 rounds.
Swamp of the Will O’ Wisps: A 4-meter radius circle around Decarabia is flooded with thick, abrasive fog. Combatants within the circle cannot see or attack targets outside the circle. This effect lasts for 1 round.
Blazing Whirlwind: Up to 3 targets within 7 meters. On hit: 7d4 (17) Fire damage.",Healing Sigil (P): Decarabia heals 5VIT% (20%) of its maximum HP at the start of each turn it spends inside a Circle spell.,Devilish,Ha Agilao (T2 Fire),1,7,6,4,4,4,C-208,FALSE
Demonstrators,8,--,,,"Gun, Thunder",Dark,,,,,,Horde,,,"Panic Caster: Demonstrators deal 20% more damage for 3 rounds but cannot move from their current position. This is a Buff effect. At the end of each round under this effect, if Demonstrators did not cast one of their spells this round, they lose 50 HP (no check). 
Barrage: Any number of targets within 6 meters. On hit: 7d4 (17) Physical damage. 
Riot Response: One target within 4 meters. On hit: 7d8 (31) Thunder damage and 5TEC% (30%) Shocked chance. 
The Boot: One Shocked target. Does not check for dodge. Critical Margin +2. On hit: 7d10 (38) Physical damage. ",,,,7,1,6,1,6,4,SSV-49,FALSE
Flauros,8,Devil,"Physical, Fire, Buff",,,Fire,,,,,Ice,Shadow,"+1 STR, +1 AGI",Flame Manipulator – As an Interrupt action: You can spend 1 Aspect Point to change the targets or area of effect of a Fire spell.,"Circle of Despair: A circle with 3 meters of radius centered on Flauros, that lingers on the arena for 3 rounds. Any number of targets that start their turn within the circle have a 20+5TEC% (45%) chance to suffer Panicked.
Vile Assault: One target within 4 meters. On hit: 6d6 (21) Physical damage. Deals 10 extra Physical damage to Knocked Down targets.
Agilao: 1 target within 8 meters. On hit: 6d6 (21) Fire damage.","Lemegeton (P): As long as Flauros stays alive, Shadows within the area of any Circle spell gain +2 STR, +2 MAG.","Devilish, Aggressive",Eyes of Fire (T2 Fire) ,6,1,5,6,2,4,C-207,FALSE
Hariti,8,Empress,"Status, Heal",,,,"Light, Status",,,,Physical,Shadow,"+1 STR, +1 VIT","Buddha’s Wisdom – Gain Empathy Tier +2 to understand and predict the suffering caused by your actions, intentionally or not.","Unarmed Attack: One adjacent target. On hit: 6d6+5 (25) Physical damage
Diarahan: One target restores 100% of its maximum HP
Change of Heart: Any number of targets within 6 meters: 55% Charmed chance.",Ogre Bones (P): Fortify Physical +10.,"Flirty, Anthropophagous",Physical Wall (T2 Defense),6,1,7,1,8,2,C-212,FALSE
Power,8,Justice,"Physical, Heal, Buff",,,,Wind,,,,Dark,Shadow,"+1 STR, +4 Courage","Sixth Order – Studying a Palace or Shadow out of combat for a few minutes reveals a rule, guideline or limitation applied to the scene.","Fatal End: A target within 2 meters. On hit: 6d8 (27) Physical damage.
Ha Diarama: Caster and all allies within 4 meters recover 3d8+15 (28) HP.","Light Shield (P): Light spells cast against Power deal 1/3 of its original damage.
Auto-Tarukajamon (P): At the start of combat, Power gains +2 STR, +2 MAG for the first 3 rounds of combat.",Noble,Rakukajamon (T2 Buff),6,3,6,1,7,2,C-212,FALSE
Fungible,8,Devil,"Physical, Dark, Buff",,,,Physical,,,,Gun,Shadow,"+1 STR, +1 LCK","To the Moon – Whenever your RP is reset, you can spend 1 RP to roll 1d2: On a 2, you gain 1.5 RP. On a 1, nothing happens. You can do this a number of times per RP reset equal to your Courage Tier (Min. 1) ","Rug Pull: One target within 5 meters. On hit: STRd8 (27) Physical damage and 20% Knockdown chance. Increase this chance by 5% for each Hit point rolled over the target's Dodge. 
Mining Operation: Fungible infects up to three Users within 6 meters with a shady technological virus. On hit: MAGd6 (24) Dark damage. For 3 rounds, at the start of each target's turns, they lose 10% of their HP as Dark damage.  ","Deprecating Asset (P): At the start of each of its turns, Fungible suffers a -1 penalty to its STR, MAG, TEC, AGI and LCK. This is not a Debuff effect, cannot be removed and stacks with previous activations. ",Devilish,Grasp of the Lesser Key (T2 Dark),6,7,6,7,3,4,SSVI-39,FALSE
Headless Rider,8,Chariot,Physical,,,,Physical,,,,Thunder,"Minion, Rumor",,"The 1% - Whenever a Headless Rider is defeated, Speed Demon takes 100 Almighty damage, no check. This triggers even if the Rider was brought back to life through Contract’s Clause.  ","Chain Slash: Can only be cast by Red Headless Rider. Up to three targets within 5 meters. On hit: 6d4 (15) Physical damage. This attack deals 50% (7) extra damage against Emergent, Suppressor, Marebito, and Artificial Class Users. 
Drive-By: Can only be cast by Purple Headless Rider. Any number of targets. On hit: 6d4 (15) Gun damage. This attack deals 50% (7) extra damage against Devil Summoners, Wild Cards and Beacon Class Users. 
Ram: Can only be cast by Yellow Headless Rider. One target within 10 meters. On hit: 6d8 (27) Physical damage. This attack deals 50% (13) extra damage against Shadow, Attendant and Nahobino Users. ",,,,6,1,5,5,4,2,SSII-11,FALSE
JACKED Frost,8,Strength,"Physical, Ice, Status",,Fire,Gun,Ice,,,,Nuclear,"Tyrant, Shadow","+1 STR, +1 VIT","Do You Hee-ven Lift? – If you deal damage to a target whose STR is lower than yours with a basic attack or a Mono Category spell, that target is moved 1d4 spaces in a direction of your choice. ","Psycho Rage – One target within 5 meters. On hit: 8d8 (36) Physical damage. Move Jacked Frost to a position adjacent to the target (regardless of dodge success). 
Vigor Check – Up to 3 targets Jacked Frost can see. Dodging this attack requires a VITd6 check instead of AGId6. On hit: The target is moved into the nearest spot inside the blizzard. 
Ultimate Supplex – One adjacent target. On hit: 8d6 (28) Ice damage and 10+2TEC% (20%) Stunned chance. ",,,,8,1,5,4,10,2,SSIII-22,FALSE
Kind Doctor,8,--,Physical,,,,Dark,,,,Nuclear,Tyrant,,"Preoperative Care – At the start of combat, Kind Doctor summons one Calm Nurse and one Caring Nurse into battle. After the three Shadows roll for initiative, Kind Doctor takes the highest initiative of the three and copies it as his own. ","Sweeping Incision: One target and all units within 3 meters of that target. On hit: 8d6 (28) Physical damage. At the start of the turn of each of the units that took damage from this attack, that unit loses 10% of their maximum HP as Almighty damage. 
Drastic Measures: This spell treats all Physical interactions besides Neutral and Weakness as Resist. This spell declares five separate attacks. Each of these attacks deals 8d8 (36) Physical damage. If a User is targeted by this attack more than once during the same round, subsequent damage taken from this spell is halved. ",,,All Users gain +1 Empathy Tier,8,1,6,1,6,2,SSV-41,FALSE
Kotoshironushi,8,Aeon,"PSY, Intel",,,,"PSY, Intel",,,,,Shadow,"+4 Knowledge, +4 Expression","Lord Who Knows – Whenever you declare a single-target attack against an Analyzed target, you gain +1 TEC to determine hit, and +1 SKL to calculate damage, for that attack.","Amano Sakate: Kotoshironushi surrounds himself by a cage of reeds until the end of his next turn. Whenever Kotoshironushi takes damage from any source while under this effect, reduce that damage by 50% and the originator of this damage has a 5TEC (35%) chance to suffer Fearful.
Psio: One target within 7 meters. On hit: 7d6 (24) PSY damage and the target cannot roll a LCK save for the next Status declared against them.",Odd Visions (P): Kotoshironushi uses his STR score for both STR and MAG checks.,Insane,Martyr’s Shield (T2 Intel),7,1,7,4,4,2,C-206,FALSE
Mothman,8,Moon,"Thunder, Status",,,"Thunder, PSY",,,,,"Nuclear, Intel",Shadow,"+1 TEC, +1 AGI","Prediction – At the start of combat, roll AGId6 and write down the result. Once during the combat, you may substitute the result of one of your dodge checks by the rolled result.","Zio: 1 target within 10 meters. On hit: 6d8 (21) Thunder damage e 36% Shocked chance.
Ha Zionga: 3 targets within 10 meters. On hit: 6d4+2 (17) Thunder damage and 18% Shocked chance.
Poison Breath: Any number of targets within 6 meters. 45% Poisoned chance.","Prediction (P): This Shadow gains 3 extra Luck charges and can re-roll a hit or dodge check, once per combat, by spending one Luck Charge.",Childish,Lightning Rod (T2 Thunder),1,6,6,8,2,2,C-211,FALSE
Pisaca,8,Death,"Physical, Status",,,Dark,,,,,Fire,Shadow,"+1 STR, +1 TEC",Possessor – You can spend 1 Aspect Point to force a target to fail the recovery check for a Status effect as an Interrupt action.,"Mind Slice: One adjacent target. On hit: 7d4 (17) Physical damage and 25% (45%) Panicked chance.
Pralaya: Any number of targets within 5 meters. On hit: 7d4-5 (12) Physical damage and 30% (50%) Fearful chance.
Tentarafoo: Any number of targets within 6 meters. 55% (75%) Panicked chance.",Spring of Despair (P): Spells Pisaca casts have a 20% higher chance to causes Fearful or Panicked.,"Anthropophagous, Insane",Tentarafoo (T2 Status),7,1,7,4,4,2,C-210,FALSE
Queen Mab,8,Magician,"Fire, Thunder, Debuff",,,Fire,Thunder,,,,Wind,Shadow,"+1 MAG, +4 Empathy","Midwife from the Kingdom of Dreams – Each one of your allies, and yourself, can change Personae as an Interrupt action, once per day.","Ha Rakundamon: Up to 2 targets Queen Mab can see. Fortify Physical -8, Fortify Elements -8
Maragion: Any number of targets Queen Mab can see. On hit: 7d4-2 (15) Fire damage
Mazionga: Up to 3 targets within 7 meters. On hit: 7d4-5 (12) Thunder damage and 28% Shocked chance.","Rune Mantle (P): 50% chance to Resist an Ice, Nuclear or PSY spell. ","Flirty, Devilish",Ha Zionga (T2 Thunder),1,7,5,4,4,6,C-208,FALSE
Speed Demon,8,Chariot,"Light, Thunder, Nuclear",Thunder,,,"Gun, Wind",,,,,"Tyrant, Rumor","+1 AGI, +4 Courage","Master of Wheels – Consider your relevant Social Skill as Tier IV, or your relevant Combat Skill as 8, for checks related to driving. Additionally, you may invoke this Rumor Skill as an Aspect to understand how to drive or pilot most common vehicles. Both of these effects work outside of the Metaverse. ","Call Lightning: One target within 7 meters. On hit: 8d8 (36) Thunder damage and 40% Shocked chance. 
Revving Up: One target within 7 meters. On hit: 8d6 (28) Nuclear damage and adds 1 Buildup Counter to Speed Demon. This attack deals +1d4 (2) damage for each Buildup Counter on Speed Demon. 
Bolster Convoy: Any number of targets: On hit: 8d4 (20) Light damage. After this spell is cast, all Headless Riders recover 20% (16) HP ","Burning Rubber (P): Speed Demon’s movement allowance is always considered 20 and its AGI score cannot be lowered by any means.
Convoy (P): At the start of combat, Speed Demon summons three Headless Riders, each labeled Red, Purple and Yellow.","Devilish, Friendly","2x Amber Glasses (Core Accessories, 1.5 RP)",1,8,7,6,5,2,SSII-11,FALSE
Take-Mikazuchi,8,Emperor,"Thunder, Buff",,,,Thunder,,,,Wind,Shadow,"+1 MAG, +4 Courage","The First Sumotori – Effects that move you without your consent can move you only up to half its stated distance, rounded down.","Gaburi-Yori: Any number of targets TakeMikazuchi can see. On hit: 5d6-3 (15) Physical damage and Fortify All +3 for Take-Mikazuchi for 3 turns for each hit target.
Zionga: 1 target within 8 meters. On hit: 6d6 (21) Thunder damage and 48% Shocked chance.","Auto-Tarundaou (P): At the start of the combat, the User with the highest STR suffers -3 STR, -3 MAG for 3 rounds.","Aggressive, Friendly",Tarukajamon (T2 Buff),5,6,5,5,3,2,C-209,FALSE
Unicorn,8,Heirophant,"Physical, Light",,,Light,,"Physical, Gun",,,Dark,Shadow,"+1 STR, +4 Empathy",Purity – You instinctively know routes that can lead you to spots within the Metaverse where you can return safely to the Universe.,"Primal Strength: All targets between Unicorn and a spot within 8 meters. On hit: 6d8-5 (22) Physical damage and Knockdown. Unicorn moves to the chosen spot.
Hamaon: One target loses 58% of its current HP, Light damage.","Stallion (P): Double this Shadow’s AGI score to determine movement.
Counterattack (P): 30% chance to retaliate against a Physical attack with a basic attack.","Chaotic, Noble",Seal Bomb (T2 Physical),1,6,6,5,5,2,C-211,FALSE
Ariadne,9,Fortune,Physical,,,Status,"Gun, Light",,,,"Intel, Nuclear",Shadow,"+2 STR, +1 VIT","Spool of Yarn – You are always able to find your way back to the point where you accessed the Metaverse. In the Universe, you may choose a landmark or building you’ve visited: For the next 24 hours you’ll instinctively know your direction relative to this location and can +2 Tiers to a Social Skill to gain entry to the chosen spot if entry is restricted.","Beast Weaver: 1 adjacent target. HDC+1. On hit: STRd8 (40) Physical damage and Ariadne suffers -2 STR until the end of combat.
Charge: Ariadne’s next attack deals double damage.
Take Off! All targets within 2 meters. On hit: STRd6 (31) Gun damage. Critical Margin +2, HDC-1. This attack gains Critical Margin equal to the difference between Ariadne’s default and current STR scores.","Attack Master (P): At the start of the combat, Ariadne casts Matarukajamon as a free action. (+2 STR, +2 MAG for 3 turns to any number of targets)","Snobbish, Friendly","Bus Stop Sign (Polearm, 4 RP)",9,1,6,5,5,2,C-217,FALSE
Horus,9,Sun,"Light, Heal",,Light,,Nuclear,,,,Fire,Shadow,"+2 TEC, +1 AGI","Eyes of Horus – Revive effects heal up to 75% of your HP, unless stated as more than that amount.","Diarahan: One target within 8 meters recovers 100% of its HP.
Samsara: Any number of targets loses 40% of their current HP, Light damage.",Wings of Light (P): This Shadow can perform its full movement in any direction through flying or soaring.,"Friendly, Snobbish",Mediarama (T2 Heal),1,1,10,7,5,2,C-213,FALSE
Ariadne Picaro,9,Fortune,Physical,,,"Ice, Status",,,,,"Nuclear, Intel",Shadow,"+2 STR, +1 VIT","Conqueror of the Labyrinth – [Passive] When you roll damage for a basic attack or a Mono Category spell that deals Physical or Gun damage, you may change the roll of up to X dice to their maximum value, where X is the total amount of Debuff, Condition, and Status effects active on the target.  ","Beast Weaver: 1 adjacent target. HDC+1. On hit: STRd8 (40) Physical damage and Ariadne suffers -2 STR until the end of combat. 
Charge: Ariadne’s next attack deals double damage. 
Take Off! All targets within 2 meters. On hit: STRd6 (31) Gun damage. Critical Margin +2, HDC-1. This attack gains Critical Margin equal to the difference between Ariadne’s default and current STR scores.  ","Rebel Assault (P): At the start of the combat, Ariadne casts Matarukajamon as a free action. (+2 STR, +2 MAG for 3 turns to any number of targets). Buff effects active on Ariadne Picaro do not expire naturally, and cannot be overwritten by Debuffs. ","Snobbish, Friendly","Bus Stop Sign (Polearm, 4 RP) ",9,1,6,5,5,2,SSVIII-22,FALSE
Asterius,9,Fortune,"Physical, Fire, Buff",,,Dark,"Physical, Gun",,,,,Icon,"+2 STR, +1 VIT","The Labyrinth's Beast (Fire, Buff) – Once per combat, you can target your Duel target: As long as it remains your Duel target, you gain +1 DDC against it until the start of your next turn. During your turn, you can spend 1 Aspect Point to extend this effect for another turn, as a Quick action. ","Fury Order: The next attack Asterius casts deals half the rolled damage, but Asterius can cast it two more times this turn as Free Actions. Additionally, Gigantomachia is considered a Free action this turn and its chance to be cast is calculated individually for each spell cast this turn. 
Primal Force: One target within 8 meters. On hit: 6d10 (33) Fire damage. 
Titanomachia: Any number of targets. On hit: 6d4 (15) Physical damage. 
Gigantomachia: All Users in combat. This spell cannot be cast outside of the effect of Brutal Arm. Does not check to dodge. Deals 15 Physical damage. ","Auto-Matarukaja (P): At the start of combat, all Shadows gain +1 STR, +1 MAG for 3 rounds. 
Brutal Arm (P): Every time Asterius casts Titanomachia or Primal Force, there's a 40% chance Asterius can cast Gigantomachia as a Quick action this turn. ","Aggressive, Insane","Magnadyne (T2 Earth, Sea of Souls III)",6,1,6,1,10,2,SSV-16,FALSE
Asterius Picaro,9,Fortune,"Physical, Fire, Buff",,Physical,,"Gun, Dark",,,,,Shadow,"+2 STR, +1 VIT","Frenzied Bull – [Passive] As long as your current HP is less than 10, your SKL cannot be lowered, and Buff effects applied to your SKL cannot be removed by duration or removal effects. ","Fury Order: The next attack Asterius casts deals half the rolled damage, but Asterius can cast it two more times this turn as Free Actions. Additionally, Gigantomachia is considered a Free action this turn and its chance to be cast is calculated individually for each spell cast this turn. 
Primal Force: One target within 8 meters. On hit: 6d10 (33) Fire damage. 
Titanomachia: Any number of targets. On hit: 6d4 (15) Physical damage. 
Gigantomachia: All Users in combat. This spell cannot be cast outside of the effect of Brutal Arm. Does not check to dodge. Deals 15 Physical damage. ","Auto-Matarukajamon (P): At the start of combat, all Shadows gain +2 STR, +2 MAG for 3 rounds. 
Rebellious Arm (P): Every time Asterius casts Titanomachia or Primal Force, there's an 80% chance Asterius can cast Gigantomachia as a Quick action this turn. ","Insane, Aggressive","Magnadyne (T2 Earth, Sea of Souls III)",6,1,6,1,10,2,SSVIII-21,FALSE
Makami,9,Hanged Man,"Fire, Heal, Debuff",,,Light,,Physical,,,Thunder,Shadow,"+1 MAG, +1 AGI, +4 Empathy","Warding Beast – Once per day, you can cast a 3m radius area centered on you. This area follows your movement for its duration. Until the end of the scene, this area puts out flames, decreases the temperature of hot materials and makes it so Fire spells cast by targets other than the caster of this skill have a 75% chance to fail without triggering any other effects. In combat, this lasts 3 rounds.","Purifying Flame: Any number of targets Makami can see. On hit: 7d4 (17) Fire damage. Instantly kills targets below 20% HP.
Ring of Fire: Grants Null Fire to any number of targets until the end of Makami’s next turn.
Ha Rakundamon: up to 2 target Makami can see. Fortify Physical 8, Fortify Elements -8 for 3 turns.
Amrita: All targets within 5 meters. Cures all Status effects.",,Friendly,Ha Agilao (T2 Fire),1,7,5,7,3,4,C-215,FALSE
Black Ooze,9,Moon,Status,,,Dark,Physical,,,,"Thunder, Intel, Status",Shadow,"+2 TEC, +1 VIT",Blind Hunger – Grants Critical Margin +1 for each Status effect you’re suffering from. This is not a Buff effect.,"Poison Breath: Any number of targets within 6 meters. 60% Poisoned chance.
Pulsate: All targets suffering Status effects lose 25% of their maximum HP, Almighty damage. ","Shapeless Monstrosity (P): At the start of each of Black Ooze’s turns, it occupies an extra adjacent space in any direction. This Shadow can occupy the same spaces as other characters. If that happens, including as part of its movement, that target suffers 50% Poisoned chance and has its movement allowance decreased to 1 per turn as long as they remain in a space occupied by Black Ooze.",Insane,Poismaja (T2 Status),1,1,9,5,9,2,C-216,FALSE
Botis,9,Aeon,"Nuclear, Thunder, Buff",,Thunder,,,,,,Light,Shadow,"+2 MAG, +1 VIT","Vile Snake – If you take damage for exceeding your Nuclear Counter limit, gain +2 STR, +2 MAG for 3 rounds.","Forked Tongue: Up to 2 targets within 8 meters. On hit: 8d4 (15) Nuclear damage and Botis gains 2 Nuclear Counters.
Satellite: Any number of targets Botis can see. On hit: 8d4 (15) Thunder damage and Botis gains 1 Nuclear Counter.","Cursed Form (P): If Botis has 6 or more Nuclear Counters, he explodes, dealing 2MAG (16) Nuclear damage to all adjacent units on hit and gaining a permanent +2 MAG, +2 TEC bonus. This can only happen once per combat.","Devilish, Chaotic",Beta Bubble (T2 Nuclear),1,8,5,1,9,2,C-220,FALSE
Gdon,9,Sun,"Fire, Ice",Fire,,,,,,,Ice,Shadow,"+2 MAG, +1 AGI",Assistant to the Promised Fate – Grants TEC +1 and Critical Margin +1 for attacks declared outside of your turn. These are not Buff effects.,"Frozen Breath: Any number of targets between Gdon and a point within 6 meters. On hit: 8d6 (28) Ice damage
Flaming Fangs: 1 target within 7 meters. On hit: 8d8 (36) Fire damage
Shred: 1 that was hit by Flaming Fangs this round. HDC+1. On hit: 8d6 (28) Fire damage and -1 TEC, -1 AGI until the end of the target’s next turn. Can be cast as an Interrupt action.",,"Friendly, Chaotic",Maragion (T2 Fire),1,8,5,7,3,2,C-215,FALSE
Gorgon,9,Empress,"Physical, Ice",,,Ice,,,,,"Light, PSY",Shadow,"+1 MAG, +4 Empathy, +4 Charm",Cursed Gaze – The last target to attack the wielder of this ability suffers -1 AGI until the start of the wielders turn.,"Crystal Gaze: One target that can see Gorgon. On hit: 6d6 (21/26) Ice damage and inflicts the Frozen Miscellaneous Status. Frozen targets cannot perform any actions and suffer -2 DDC, both until the end of Gorgon’s next turn.
Shatter: One Frozen target. On hit: 5d10 (27) Physical damage.
Ice Waltz: Up to 1d6 targets within 7m. On hit: 6d4 (15/19) Ice damage.",Ice Boost (P): Ice spells cast by Gorgon deal 25% more damage. ,"Chaotic, Flirty",Mabufula (T2 Ice),5,6,5,4,4,2,C-218,FALSE
Haokah,9,Star,"Thunder, Buff",Thunder,Wind,,,,,,Nuclear,Shadow,"+1 MAG, +1 TEC, +4 Courage","The Drums of War – After casting a spell that applies Weather, you can cast a Tier III or lower Buff effect as a Quick action until the end of your turn. ","Drum Beat: One target within 7 meters. On hit: 7d8 (31) Thunder damage and Haokah gains 1 Drumbeat counter. 
Warcry: Haokah can spend up to two Drumbeat counters to gain +1 STR, +1 MAG, +1 TEC, +1 AGI. This is a Buff effect that stacks with itself. If Haokah spent two Drumbeat counters to cast this spell, it's considered a Quick action. ","Reverse (P): Any effect active on Users that would increase their HDC, DDC or Combat Skills decreases them instead. ""Fortify"" effects increase damage instead of reducing it. This applies to all Users as long as Haokah is in combat. ",Aggressive,Drought (T2 Weather),1,7,7,2,6,4,SSVI-38,FALSE
Hecatoncheires,9,Hanged Man,"Physical, Intel",,,Physical,,Nuclear,,,Light,Shadow,"+1 STR, +1 TEC, +1 VIT",Freed – Your first hit check during each combat gains +1d10.,"Titan’s Fist: One adjacent target. -1 HDC. On hit: 8d8 (36) Physical damage.
Gigantic Aspect: Any number of targets within 5 meters suffer from DDC -1 and have a 55% Fearful chance.
Martyr’s Shield: When an ally is hit by an attack, Hecatoncheires can transfer this damage to any other ally, including itself.","Giant (P): Hecatoncheires occupies four spaces, two spaces “wide” and two “tall”.",Insane,Geas (T2 Intel),8,1,7,1,7,2,C-213,FALSE
Inanna-α,9,Empress,"Fire, Ice, Debuff",,,,,,,,,Alpha,"+2 VIT, +1 AGI","Temple of Heaven – Once per day, as a Quick action, you can target one unit you can see, and choose one Type: If neither of you are Weak against that Type, you both gain Resist against that Type for 3 rounds. This is not considered a Buff effect. ","Raging Hellfire: One target within 6 meters. On hit: 4d10 (22) Fire damage and Inanna-α becomes Weak against Ice. 
Raging Blizzard: Any number of targets within 8 meters. On hit: 4d4 (10) Ice damage and Inanna-α becomes Weak against Fire. 
Raging Tempest: Up to 3 targets within 10 meters. This spell does not check for dodge. Deals MAGd6 (14) Wind damage and removes all Type interactions from Inanna-α 
Shard of Debilitation: One target Inanna-α can see suffers -1 STR, -1 MAG, -1 TEC, -1 AGI for 3 rounds. ",,Noble,Ha Agilao (T2 Fire),1,4,5,6,8,2,SSIV-12,FALSE
Inaruna,9,Tower,"Ice, Wind, Thunder",,,Dark,Ice,,,,,Shadow,,"Demon Princess of the Waterfall – When Inaruna reaches zero HP, a new combat starts against Inaruna – Matriarch’s Grudge immediately. ","Fiore Splendido: Up to three targets Inaruna can see. On hit: 9d6 (31) Wind damage and places Netherblooms onto the spaces of each target that took damage from this spell. Every time Fiore Splendido is cast, all spaces with Netherbloom deal MAG (9) Wind damage to all units in their spaces and adjacent spaces, no dodge check. 
Cold-Hearted Mistress: Any number of targets. On hit: 9d4 (22) Ice damage and remove any number of Buff effects from the targets, then apply one of those Buff effects to Inaruna for 3 rounds. 
Thunder Break: One target Inaruna can see. Ignores Resist and treats Null and Reflect as Resist. On hit: 9d8 (40) Thunder damage. ","Absolute Zero (P): Every time Inaruna deals damage to a User, that User loses 1d4-1 Energy.",,"Qin’s Flame (Sword, Shadow Gear)",1,9,7,4,6,2,SSVII-34,FALSE
Inaruna – Matriarch’s Grudge,9,Tower,"Physical, Almighty",,"Ice, Dark",,,,,,,Tyrant,,"Crying Scream - When combat starts, all Users under 50% HP are put into Death's Door, and all Users above this threshold have their HP lowered to 50% ","Megidolaon: One target and all units within 3 meters of that target, except Inaruna. On hit: 10d6 (35) Almighty damage. 
Spite Shout: One target Inaruna can see suffers the following Condition: -1 STR, -1 MAG, -1 TEC, -1 AGI, cannot benefit from Personae's Skill Bonuses. This Condition lasts 2d4 rounds and can stack with itself. 
Genocide Fist: One target Inaruna can see. On hit: 10d8 (45) Physical damage. Treats all Interactions besides Weak as Neutral. If this spell puts the target in Death's Door, the User loses Death's Door Counters equal to the amount of Spite Shout Stacks placed on them. ",,,,1,10,8,5,7,2,SSVII-35,FALSE
Mad Gasser,9,--,,,Status,,,,,,Intel,Human,,,"Vaporize: All targets between Mad Gasser and one point within 4 meters. On hit: MAGd6 (14) Almighty damage and 5TEC+5% (50%) Poisoned chance. 
Pandemic Bomb: All units. 10TEC% (90%) Slowed chance. 
Corrosive Spray: One target suffers from Weakness to Status for 3 rounds. ",,Chaotic,,1,4,9,7,5,2,SSII-17,FALSE
Okuninushi,9,Strength,"Physical, Buff",,Thunder,,,,,,"Light, Intel",Shadow,"+1 STR, +1 TEC, +1 LCK","Squire – Once per combat, you may use a consumable as a Quick action.",Susano’o Blade: One adjacent target. On hit: 6d8 (27) Physical damage. ,"Prediction (P): Gains 3 extra Luck Charges at the start of combat. Once per combat Okuninushi may spend one Luck Charge to re-roll a check, choosing the second roll.
Merciless Pupil (P): All attacks this Shadow declares gain Critical Margin +2
Revolution (P): Okuninushi and all its allies gain Critical Margin +1 for 3 turns.
Wrath Blade (P): Okuninushi can pick two targets for all his attacks, but attacks declared this way deal half damage.","Friendly, Aggressive",Aeon Rain (T2 Physical),6,1,6,6,4,2,C-214,FALSE
Ose,9,Fool,"Physical, Status",,Physical,,,,,,"Light, Dark",Shadow,"+2 STR, +1 TEC",Goethean Illusionist – Expression Tier +1 during negotiations.,"Poison Stab: 1 target within 6 meters. On hit: 8d6 (28) Physical damage and 15% (35%) Poisoned chance, plus 5% for each point rolled for hit above target’s dodge check.
Poison Needle: 1 target within 6 meters. 110% Poisoned chance.
Bleed Out: 1 target within 3 meters. On hit: 8d4 (20) Physical damage. If target is Poisoned, roll a second attack. On hit: 8d4+5 (25) Physical damage.","Bloody Vanguard (P): The last target hit by Ose’s attacks takes 20% more damage from all sources.
Poison Boost (P): Spells cast by Ose have a 25% higher chance to cause Poisoned.","Devilish, Chaotic",Mind Slice (T2 Physical) ,8,1,6,3,6,2,C-219,FALSE
Osiris,9,Star,"Light, Dark, Buff",,,Status,"Physical, Gun",,,,,Shadow,"+2 TEC, +1 VIT","King of the Dead – At the start of combat, choose between Light or Dark and change your Interaction to that Type to Resist for 3 rounds. This effect still applies if you change Personae.  ","Kouga: 1 target within 7 meters. On hit: MAGd8 (22), plus 10% of Osiris’s current HP, as Light Damage. 
Mudoon: 1 target Osiris can see. Instantly kills targets whose HP are below 30+3TEC% (51%) below maximum. ","Auto-Dekaja (P): At the start of combat, remove all Auto effects from combat. 
Endure (P): The first time Osiris is drops to 0 HP; it is healed back to 1 HP.  ","Noble, Insane",Kougaon (T2 Light),1,5,7,2,8,4,SSI-24,FALSE
Rakshasa,9,Strength,"Physical, Thunder",,,,"Physical, Fire",,,,Light,Shadow,"+1 STR, +2 AGI","Disturb the Ritual – Once per day, you may spend 1 Aspect Point when a target casts a spell that deals damage and rolls for hit. Grant HDC -1 for that attack.","Mad Chain: Any number of targets within 6 meters. On hit: 7d4 (18) Physical damage and 10% Enraged chance
Zionga: 1 target within 8 meters. On hit: 5d8 (22) Thunder damage and 42% Shocked chance","Auto-Sukukajamon (P): Rakshasa gains +2 TEC, +2 AGI por the first 3 turns.
Sword II (P): Choose a sword that costs up to 5 RP to equip to Rakshasa and replace her basic attack.
High Counter (P): 70% chance to retaliate against a basic attack or Physical spell with a basic attack.","Aggressive, Snobbish",Chains of Madness (T2 Physical),7,7,6,8,2,2,C-218,FALSE
Sarasvati,9,Priestess,"Status, Debuff",,,Ice,,,,,Status,Shadow,"+4 Expression, +4 Empathy, +4 Discipline","Benzaiten – Once per week, add +1 to your Yield or add an extra work block to your tally.","Sensual Melody: Any number of targets: 50% Charmed chance.
Tentarafoo: Any number of targets: 60% Panicked chance.
Evil Riff: Any number of targets: 50% Fearful chance
Mabatvati: Any number of targets: 50% Slowed chance","Musicality (P): Sarasvati can spend one Luck Charge to re-roll any Statusrelated check for any target.
Fascinate (P): Grants -1 STR, -1 MAG to any target suffering from Status effects, for each Status, for the duration of the Status.
Resist Rage (P): Sarasvati has half the stated chance to suffer from Rage.",Friendly,"Tarundamon (T2 Debuff)",1,1,8,6,6,6,C-214,FALSE
Tokisada,9,Death,"Physical, PSY",,,"Light, PSY",,,,,"Ice, Thunder",Shadow,"+1 STR, +1 TEC, +1 VIT","Flag of Salvation – At the end of combat, you can target X Users you can see and spend X Energy: Restore 1 Energy to each User targeted. ","Amakusa Uprising: One target within 8 meters. On hit: 6d10 (33) Physical damage. This spell treats Null Physical as Resist. If this spell deals damage, place 1 Cleansing Tag on the target. 
Rain of Spectral Arrows: Any number of targets within 6 meters. On hit: 6d4 (15) PSY damage. If a target with a Cleansing Tag took damage from this spell, remove that Cleansing Tag and Tokisada can cast Rain of Spectral Arrows again as a free action a number of times equal to the amount of Cleansing Tags removed by this spell. 
Miracle Sword: One target within 4 meters. On hit: 6d10 (33) Physical damage. If the target has a Cleansing Tag, this attack has Critical Margin +2. If this attack is a Critical hit, place 1 Cleansing Tag on two other targets Tokisada can see. ",,"Noble, Friendly",Hell of Revival (T2 Occult),6,1,6,3,7,8,SSV-35,FALSE
Xiezhai,9,Temperance,"Thunder, Status",,,,Thunder,,,,Status,Shadow,"+2 MAG, +4 Empathy","Thunderstruck – When a unit casts a Thunder spell, you may spend 1 Aspect Point as your Interrupt action so the spell targets you instead, rolling dodge for each in case of a multi-target attack. If you take no damage from these attacks. your next Thunder attack gains Critical Margin +5.","Zionga: 1 target within 8 meters. On hit: 8d6 (28) Thunder damage and 25% Shocked chance.
Discharge: A point within 8 meters. At the start of the next round, all targets within 6 meters of the chosen point take 8d4 (20) Thunder damage, no dodge, and 80% Shocked chance.
Mabatma: Up to 2 targets within 6 meters. 50% Slowed chance.","Thunder Boost (P): Thunder spells cast by Xiezhai deal 50% more damage.
Static (P): Xiezhai can cast Zionga against any target that occupies a position adjacent to itself, including during movement, as an Interrupt action.","Noble, Chaotic",Wage War (T2 Status),1,8,5,5,5,2,C-216,FALSE
Aigis - Athena,10,Chariot,"Physical, Heal, Buff",,,,Physical,,,,Thunder,User,"+2 STR, +1 AGI","Aegis – Once per combat, when a basic attack or Physical spell is cast against Aigis, inflict HDC -2 on the target until the end of its next turn.","Orgia Mode: Grants +2 STR, +2 MAG, +2 TEC, +2 AGI for 3 rounds. This stacks with other Buff actions. When this effect ends, Aigis suffers Shocked.
Athena’s Kiss R: Up to two targets within 4 meters. On hit: MAGd8+AGI (19) Gun damage. 
Swift Strike: Any number of targets within 6 meters. On hit: STR (7/9) Gun damage, 1d4 times.
Diarahan: Restores 100% of a target’s HP. Can only be used twice per combat.
Matarukajaou: Grants +3 STR, +3 MAG to Aigis and all of her allies for 3 rounds.","Ranged Mastery (P): If there’s an object Aigis can hide behind between her and another User, Aigis gains +1 DDC against that target.",,,9,5,5,8,5,1,C-155/156,FALSE
Adramelech-α,10,Devil,"Physical, Fire",Fire,,,Dark,,,,Ice,Alpha,"+2 AGI, +1 STR","Fickle Tailor – Once per day, you may add the RP cost of your equipped armor to your Damage Reduction for 3 rounds. This is considered a Buff effect that stacks with other Buff effects. ","Hellish Brand: One target within 5 meters. On hit: STRd10 (27) Physical damage, and remove all Buff effects from the target. 
Dekunda: Remove all Debuff effects from Adramelech-α and all Shadows in combat. 
Madness Nails: Up to 3 targets within 8 meters. On hit: 5d6+2 (19) Fire damage ",,"Devilish, Anthropophagous",Poisonous Stab (T2 Phys.),5,1,4,10,6,2,SSIV-15,FALSE
Aigis - Thanatos,10,Death,"Physical, Light",,Dark,,,,,,Light,User,"+1 MAG, +1 TEC, +1 LCK","Devouring the Moonlight – Whenever Thanatos is switched into combat by the effects of Memories of You, it gains Critical Margin +2 until the end of the round.","Orgia Mode: Grants +2 STR, +2 MAG, +2 TEC, +2 AGI for 3 rounds. This stacks with other Buff actions. When this effect ends, Aigis suffers Shocked.
Athena’s Kiss R: Up to two targets within 4 meters. On hit: MAGd8+AGI (19) Gun damage. 
Tempest Hew: 1 target within 10 meters. On hit: STRd8 (31) Physical damage. Critical: Does not deal critical damage. Instead, roll this attack again. Each subsequent attack gains Critical Margin -1, stacking with previous penalties, but can be repeated as long as critical hits are rolled.
Mahama: Any number of targets. Deals 10+TEC% (16%) of the target’s current HP as Light damage.
Megidola: 1 target within 8 meters and all combatants within 2 meters of the target. On hit: MAGd10+8 (35) Almighty damage. Can only be cast once every three turns.","Ranged Mastery (P): If there’s an object Aigis can hide behind between her and another User, Aigis gains +1 DDC against that target.",,,7,6,6,7,5,2,C-155/156,FALSE
Ananta,10,Star,"Ice, Buff",Ice,,,,Nuclear,Physical,,Thunder,Shadow,"+1 TEC, +1 AGI, +1 VIT","Devourer of Kalpa – Once per day, if you cast a spell that decreases the number of valid enemies to 1, you may perform another action immediately.","Bufula: One target 10 meters. On hit: 6d10+2 (35) Ice damage
Ha Sukukajaou: 2 targets Ananta can see gain +3 AGI, +3 TEC for 3 rounds.",Relentless (P): This Shadow cannot have its actions or movement restricted by any effect.,Chaotic,Glacial Glaze (T2 Ice),1,6,6,6,6,2,C-222,FALSE
Arcana Justice,10,Justice,"Light, Nuclear",,,,,,,,Nuclear,Tyrant,,"Arcana of the Partisan – Arcana Justice Deals 20% more damage against targets that act after it in the initiative queue, and 20% less damage to targets that act before itself. ","Lock-On: One target within 6 meters. The next attack declared against this target bypasses the hit check. This is a Debuff effect.
Hamaon: One target Arcana Justice can see loses 40+3TEC% (64%) of its HP as Light damage.
Bombardment: One target within 8 meters. On hit: 8d10 (44) Nuclear damage.",,,,1,8,8,5,6,4,SSVI-49,FALSE
Ares,10,Chariot,Physical,,,Light,,,,,Wind,Shadow,"+1 STR, +2 LCK","Devastation – Critical Margin +1 for all spells with the Combo, Line or Move categories.","Blade of Olympus: 1 target within 3 meters. On hit: 7d8 (31) Physical damage. Critical: 2STR (14) extra damage.
Hymn of Victory: Any number of targets whose initiative values are lower than Ares receive Critical Margin -3 for 3 rounds. ","Orb of Strength (P): Grants +2 STR, +2 MAG for 3 turns to Ares’ ally with the lowest initiative.
Warrior’s Title (P): Initiative +5 to Ares and +3 to all its allies. ","Noble, Aggressive",Challenge (T2 Misc.),7,1,6,3,4,8,C-224,FALSE
Combined Formation,10,--,"Physical, Nuclear, Debuff",,,,,,,,"Nuclear, Dark",Tyrant,,"Joint Effort – Combined Formation deals 20% more damage against all Users. ","Lock-On: One target within 6 meters. The next attack declared against this target bypasses the hit check. This is a Debuff effect. 
Kill Rush: Any number of targets between Combined Formation and a point within 6 meters. On hit: 8d6+8 (36) Physical damage and Combined Formation moves to the chosen point. 
Purging Barrage: Up to three targets within 6 meters. Critical Margin +2. On hit: 8d6 (28) Nuclear damage. ",,,,8,8,8,6,6,4,SSVI-47,FALSE
Cultist of Insanity Nyarlathotep,10,Emperor,"Physical, Status",,,,,,,,,Shadow,"+2 TEC, +1 AGI","Dragged to Madness – At the start of combat, you can choose Fearful or Slowed, then choose one target within TEC meters. That target has 100% chance to suffer that Status effect, and if they do, you also suffer that Status effect. ","Decover: Up to 3 targets Cultist of Insanity Nyarlathotep can see cannot recover HP by any means outside of Revive effects until the end of this Shadow's next turn. 
Shibaboo: One target Cultist of Insanity Nyarlathotep can see. 6TEC% (42%) chance to Knockdown. 
Gore: One target suffering from Status effects. Move Cultist of Insanity Nyarlathotep to a position adjacent to the target, then deal 5d10 (27) Physical damage, and place one Maddening Skewer onto the target. This is considered a Condition that can only be cured when this Shadow is defeated or the target enters Death's Door. ","Pierced Heart (P): Cultist of Insanity Nyarlathotep takes half damage from all attacks (this is applied last in damage calculation). If 3 or more targets have a Maddening Skewer placed on them, Cultist of Insanity Nyarlathotep gains a second turn per round. 
Mind-flaying Army (P): At the start of combat, summon one Botis (Level 10) and one Pazuzu (Level 10) into combat. They roll for initiative normally. ",Insane,"Odd Fruit: A strange, inedible vegetable that gleams in a color you can’t quite describe. ",5,5,7,6,4,2,SSIV-25,FALSE
Fortune,10,Fortune,"Wind, Buff",,,Wind,"PSY, Nuclear",,,,Thunder,Shadow,"+2 LCK, +1 MAG","Wheel of Fortune – Start each day with an extra Luck Charge. Once per day, during any roll, you may re-roll all dices that have rolled a 1 or 2, but you must keep the second result.",Ha Garula: 3 targets within 7 meters. On hit: 7d4 (17) Wind damage. HDC +2 or Critical Margin +2.,Unusual Luck (P): Fortune and all its allies gain Critical Margin +1 and start combat with 3 extra Luck Charges.,"Noble, Childish",Sukukajamon (T2 Buff),1,7,4,6,6,9,C-221,FALSE
Hell Biker,10,Fool,"Fire, Dark",,"Fire, PSY",,,,,,Light,Shadow,"+2 AGI, +1 TEC","Hell, and Back – Once per day, you can manifest your presence in the Universe, through the Metaverse, for 1 minute. This presence initially appears at the point you entered the Metaverse from.","Road to Hell: Any number of targets Hell Biker becomes adjacent to during its movement. On hit: 6d8+3 (30) Fire damage.
Mamudoon: Any number of targets whose HP are below 30% die instantly.","Speed Master (P) - +10 Initiative, Movement allowance +5","Friendly, Devilish",Ignition (T2 Fire),1,6,6,7,4,2,C-222,FALSE
Jack Ripper,10,Tower,"Dark, Status, Debuff",,,,Intel,Gun,,,Light,Shadow,"+1 TEC, +1 LCK, +4 Expression","Leather Apron – You can choose to be placed last in the initiative queue. If you do, gain +1 TEC during the first 3 rounds of combat. This skill stacks with other Buff effects.  ","Tetanus Cut: On hit: 4d8 (18) Physical damage and 30% Sickened chance. Sickened: Nerve Status that grants -1 STR, -1 TEC and deals 20% of target’s maximum HP as damage at the end of target’s turn. Recovery chance: 33%. 
London’s Dread: Any number of targets have a 35% chance to suffer the following Status effects: Enraged for Shadows and Fearful for Users.  ","Untraceable (P): Once per combat, Jack Ripper can leave combat, becoming unable to be targeted by any effects, and returning the next round, granting the following effect to its next attack this round: ""After damage calculation, if target is below 35% HP, kill the target instantly"". 
Lusk’s Letter (P): When a User enters Death’s Door, Sickened’s HP loss effect triggers immediately on all Users suffering from it.  ","Insane, Aggressive",Evil Smile (T2 Status),4,1,8,7,2,6,C-313,FALSE
Hanuman,10,Star,"Physical, Heal",,,,"Status, Light",,,,Ice,Shadow,"+1 STR, +1 VIT, +4 Courage","Scarlet Face – Once per day, you can spend 1 Aspect Point to transform all Buffs to one Combat Skill into a Debuff of the same intensity and duration, as your Interrupt action against 1 target you can see.","Cruel Impulse: 1 target within 6 meters. On hit: 6d8+1 (28) Physical damage.
Aeon Rain: Up to 3 targets within 4 meters. 6d6 (21) Gun damage.
Ha Diarama: Hanuman and all its allies within 4 meters recover 5d10+20 (47) HP. ",,"Chaotic, Noble","Seal Bomb (T2 Physical)",6,5,5,3,6,2,C-224,FALSE
Jin & Moros,10,Hermit,,,Light,Fire,,,,,,User,,"Tactical Advantage – At the start of each round, Jin can swap his place on the initiative queue with the character that acts immediatey before him in the queue. If Jin is the first character in the initiative queue, all attacks he declares deal 20% more damage. ","Strega Grenades Mk II: One target within 8 meters and all adjacent units. On hit, choose one of the following effects:
❖ Napalm: Deals MAGd6+5 (22/26) Fire damage
❖ Shock: Deals MAGd4 (12/14) Thunder damage and has a 45% chance to Stun
❖ Shrapnel: Deals STRd6 (17/20) Physical damage. All hit targets’ HP maximum are decreased by the amount of dealt damage until the start of Jin’s next turn. ","End of the Line (P): At the start of combat, Jin applies the Doomed condition to the User with the highest HP in combat besides himself. ❖ A character who’s Doomed receives 4 counters. At the end of the character’s turn, they lose one counter. Once the character runs out of counters, they enter Death’s Door. Doomed cannot be removed by any effects, but is removed once the character enters Death’s Door. Using any spells or items that recover HP on a Doomed target restores 1 Doomed counter. When combat ends, all instances of Doomed are removed. 
Bring Low: Applies Doomed to one User Jin can see. This spell can only be used if no characters are Doomed. This is considered a Quick action. 
Accelerate: One target Jin can see loses 1 Doomed counter. ",,"Strega Grenades (Dagger, 4 RP)",6,5,6,2,10,2,SSI-15,FALSE
Kanna & Thanatos-α - LV10,10,--,"Thunder, Nuclear, Dark",,,,"Physical, Light, Dark",,,,,User,,"Facsimile – Kanna has Hetelic Resistances, but no access to Hetelic Actions. Kanna starts each combat with four Aspect Points. When Kanna enters combat, choose one of her Levels and use the appropriate Combat Skills and spells. ","Universal Aspect: As an Interrupt action, Kanna can spend 1 Aspect Point to immediately gain a second turn, once per Round. 
Negotiate: Kanna can start negotiation with any User she can see as a Standard action. Consider all her Skill Tiers as 3 for this negotiation. On a success, the target loses up to 1d4 Aspect Points and Kanna gains the amount lost. 
Arcana-Touched: Starting from Level 10, Kanna can spend 2 Aspect Points to activate any Arcana Spread currently available to the party as a standard action. This spends the use of that Arcana for the party.
Cursed Zio: One target within 8 meters. On hit: MAGd10 (44) Thunder damage. At the start of Kanna’s next turn, for no action cost: Burst: 2MAG (16) Thunder damage. 
Hysteric Haeiha: Up to 3 targets within 6 meters. On hit: MAGd6 (28) Dark damage and 30% Shocked chance. 
Echoing Reset: This spell is only available if Kanna is Level 10 or higher. Removes all Buff effects from any number of Users, and all Debuff effects from Kanna. ",,,,4,8,6,6,5,2,SSIV-9,FALSE
Lachesis,10,Fortune,"Ice, Buff",,,"Fire, PSY",,,,,Thunder,Shadow,"+1 MAG, +1 TEC, +1 AGI","Measuring the Thread – Once per combat, you can remove X HP from an ally to heal another by the same amount. This Skill is unaffected by any effects that would change the healing amount recovered from any source.","Eternal Melody: Lachesis can add 3 more turns to the duration of any time-limited effects on any number of targets.
Blizzard: Lachesis and all its allies within 3 meters deal +7 Ice damage in all their attacks until the end of each target’s next turn. All enemies within 3 meters have a 100% chance to be Slowed.
Mabufula: Any number of targets Lachesis can see. On hit: 7d4 (17/24) Ice damage",,Snobbish,Auto-Rakukaja (T2 Buff),1,7,7,6,3,2,C-223,FALSE
Macabre,10,Death,"Dark, Debuff",,Dark,,Gun,,,,PSY,Shadow,"+1 MAG, +2 TEC","Odd Reaper – Once per day, Macabre can double its TEC score for any one check against a target who’s participated in negotiation during this combat. ","Hellish Scythe: Macabre’s basic attack, a clean swipe with their scythe, deals MAGd6 (18) Physical damage on hit. 
Cursed Night: Any number of targets Macabre can see have a 45% chance to suffer Charmed. 
The Reaper’s List: Macabre can start negotiation with any User. If the result of this check is less than 4, Macabre heals up to 25% of her HP and spawns on Specter in combat. 
Could You Please RIP? With a twirl, the Strange Interloper invites any number of targets into eternal slumber. All Users with 25+2TEC% (50%) or less remaining HP have their HP dropped to zero. Macabre can cast this spell every other turn. ",Live Again (P): Each time a target is defeated in combat or enters Death’s Door; one Specter joins the combat with the original target’s initiative roll. ,"Chaotic, Noble",Dark Boost (T2 Dark),3,5,7,3,8,6,SSI-23,FALSE
Masakado,10,Tower,"Physical, Light",,,"Physical, Fire",,,,,"Thunder, Dark",Tyrant,"+1 STR, +1 TEC, +4 Empathy",Massive Armor – You take 25% damage from all Critical hits.,"Banishment: Reduces one target’s HP to 1.
Cast Down: Every unit between Masakado and a point within 8 meters. On hit: 9d4+3 (25) Physical damage and Knockdown Weakness.
Decapitate: 1 target Masakado can see. On hit: 9d6+4 (35) Physical damage. Masakado can sacrifice X TEC before rolling to hit to add Xd6+X Light damage to this attack. Targets killed by this attack enter Death’s Door with 1 counter.","Revolution Cry (P): At the start of each round, Masakado and all its allies gain Critical Margin +1. This effect stacks with itself.
Enduring Soul (P): Survives any attack that would kill it with 1 HP if its HP is above 1. Upon triggering this effect, Masakado gains an extra turn immediately.",Snobbish,"Storm Katana (Sword, 4 RP)",9,1,9,5,5,2,C-225,FALSE
Matador,10,Death,"Physical, Wind, Debuff",,Dark,,,,,,Fire,Shadow,"+1 STR, +4 Courage, +4 Discipline","I Challenge You to a Duel – Once per day, choose a non-Tyrant Shadow. All your attacks must include the target as a valid target but all target’s attacks must designate you as all valid targets, multiple times if necessary.","Tempest: 1 target within 8 meters. On hit: 5d4+5 (17) Wind damage and Knockdown. Matador can cast this spell as an Interrupt action.
Andalusia: 1 target within 5 meters. On hit: 7d8 (30) Physical damage.
Bullfight: 1 target Matador can see loses STR and MAG equal to the difference between Matador’s current and default TEC scores, for 3 turns. After casting this spell, Matador’s TEC returns to its default value. ",Red Cape (P): Matador gains +1 TEC each time it dodges an attack. This skill overrides any active Debuff effects applied to Matador’s TEC at the time of triggering,"Aggressive, Friendly",Despair (T2 Misc.),7,5,4,5,4,2,C-223,FALSE
Merciless Warlord Masakado,10,Tower,"Physical, Light","Physical, Light",,,,,,,,Merciless,,Perfect Armor – Merciless Warlord Masakado Reflects damage from Critical Hits. All targets are forced to roll Critical Hits against Merciless Warlord Masakado if able. ,"Swarm of Butterflies: Any number of targets between Merciless Warlord Masakado and one point within 10 meters. On hit: 12d6 (42) Physical damage and 100% Knockdown chance. 
Natsukashī Gyakusatsu: 1 target Merciless Warlord Masakado can see. -1 HDC. On hit: 12d8 (54) Light damage. If damage from this spell would put a target in Death's Door, the target loses all counters immediately.","Revolution of the Cursed (P): At the start of each round, Merciless Warlord Masakado gains +2 Critical Range for all attacks it declares. This stacks with previous activations of this skill. 
Weathered Head (P): When Masakado is first dropped to 0 HP, it recovers 1 HP and immediately gains a number of turns equal to the number of conscious Users in combat.",,,12,1,10,8,8,2,SSVII-43,FALSE
Ouroboros,10,Aeon,Nuclear,,,,"Fire, Nuclear",,,,"Ice, PSY",Shadow,"+1 MAG, +1 AGI, +1 LCK","Infinite Impermanence – If you are under the effects of both a Buff and a Debuff effect, you may use a Quick action to change the remaining duration of both effects to 3 rounds.","Mafreila: Any number of targets Ouroboros can see. On hit: 6d6 (21) Nuclear damage.
Megido Storm: All units within 6 meters, except Ouroboros. HDC +1. On hit: 6d4-5 (10) Almighty damage.","Endless Presence (P): Each time Ouroboros deals damage, the space that target occupied at damage calculation and all spaces adjacent to Ouroboros deal 1d6 Nuclear damage, no dodge check, to any creature who starts or ends their turns on them. This lasts until the end of combat.","Noble, Insane",Metamorphosis (T2 Nuclear),6,6,6,6,6,2,C-220,FALSE
Amanozako,10,Magician,"Wind, Thunder, Heal",,Thunder,Wind,Light,,,,"Fire, Ice",Shadow,"+2 MAG, +1 VIT","Heavenly Counter – Every time you take damage calculated using STR, you can deal SKL Dark damage against the originator of this damage (no dodge check). If you do, the target suffers Tarunda (-1 STR, -1 MAG for 3 rounds) ","Mediarahan: Any number of targets, except Amanozako, are healed to 100% HP 
Zanbarion: 1 target within 10 meters. On hit: 8d10 (44) Wind damage and 25% Knockdown chance. 
Maziobarion: Any number of targets within 7 meters. On hit: 8d4 (20) Thunder damage and 30% Shocked chance. If the target is already Shocked when this attack deals damage, this attack is a guaranteed Critical hit. ",,Friendly,Reversal (T2 Misc.),1,8,7,2,8,2,SSIV-17,FALSE
Pazuzu,10,Devil,"Wind, Dark, Status",,,"Dark, PSY",,,,,Fire,Shadow,"+1 STR, +1 MAG, +1 TEC",Greater of Two Evils – Grants +1 to intimidation checks.,"Breath of Hanbi: 1 target within 10 meters. On hit: 5d8 (22) Wind damage. Critical Margin: +1
Mudoon: Instantly kills one target whose HP is under 48%
Pestilent Breath: Any number of targets within 6 meters have 45% (65%) chance to become Poisoned.",Stagnated Air (P): 20% higher chance to cause any Status ailment.,"Noble, Devilish",Garula (T2 Wind),1,5,6,7,5,6,C-221,FALSE
Specter,10,Death,,,,Dark,,,,,Light,Minion,,,"Phantasmagoria: On hit, a Specter deals 4d6 (14) Almighty damage to one target within 5 meters and heals Macabre for half the dealt damage. ",,,,4,1,4,5,1,4,SSI-24,FALSE
Swarm of Flies,10,Devil,,,,,,,,,,Minion,,,"Acid Spit: 1 target within 3 meters. On hit: MAGd8 (22) Dark damage and Fortify Almighty -15 for 3 rounds.
Surround (Debuff): 1 adjacent target. Decreases target’s HDC by 1 and increases the Swarm’s DDC by 1 until the end of its next turn.","Minuscule (P): DDC +1 against all attacks.
Vile Creature (P): Dies instantly when hit by a Light or Dark spell. ",,,1,5,7,10,2,2,C-293,FALSE
Turbo Granny,10,Priestess,"Thunder, Status",,Dark,,,,,,Light,Rumor,"+2 AGI, +1 VIT","Furiously Fast – Once per day, as a Quick action, you can choose to heal 1 Status effect you’re suffering from. If you do, you gain +1 DDC until the end of the next turn. This is considered a Buff effect. ","100km/h Hag: 1 adjacent target. -1 HDC. On hit: 4AGI (40) Thunder damage. This treats Null as Resist. 
Mabatma: Up to 2 targets within 6 meters. Chance of Slowed: 25+5TEC% (50%) 
The Gray Blur: Turbo Granny moves to a space adjacent to a User, and challenges them to a race. The target must perform their full movement allowance, if able, in any direction, and Turbo Granny will do the same. If the target is unable to move more than Turbo Granny’s movement allowance (AGI+3), they take 5d8 (22) Thunder damage and Turbo Granny's AGI score is decreased by 1. If the target can move more than Turbo Granny during this attack, her AGI score is lowered by 1d4+1. ",,"Chaotic, Insane",Magnificent Wings+ (T2 Misc.),1,5,5,10,2,2,SSII-13,FALSE
Vetala,10,Devil,"Physical, Status",,,,"Wind, Dark",,,,Fire,Shadow,"+2 STR, +1 TEC","Possess Corpses – Once per combat, when you slay a target, for no action cost, you can choose to detonate its corpse, dealing MAGd4 Fire damage to all adjacent units, no dodge check.","Evil Touch: 1 target within 8 meters. 60% (80%) Fearful chance.
Navas Nebula: One target and all adjacent targets within 5 meters. On hit: 7d4+6 (23) Physical damage and -2 STR, -2 MAG for 3 rounds.",Fear Boost (P): Spells cast by Vetala have a 20% higher chance to trigger Fearful. ,"Chaotic, Anthropophagous",Abatmaja (T2 Status) ,7,1,7,3,5,4,C-219,FALSE
Amaterasu,11,Sun,"Fire, Light, PSY",,Fire,Light,,,,,,Shadow,"+2 MAG, +1 TEC","Sume-Omikami – You gain Fortify All +2X from attacks declared by targets with Ofuda placed on them, where X is the amount of Ofuda on the attacker. ","Trisagion: One target Amaterasu can see. On hit: 6d6*2 (42) Fire damage. For every 20 damage this spell deals, place 1 Sunlit Ofuda on the target. 
Will of Flames: Any number of targets gain the following effect for 3 rounds (this is not a Buff effect): ""Attacks you declare deal 2d6 extra Fire damage and treat Null Fire as Resist"". 
Ten Mantra: One target Amaterasu can see. Remove all Sunlit Ofuda from combat. For each Sunlit Ofuda removed this way, that target loses 10% of their maximum HP as Light damage. If this exceeds the health of the target, deal the remaining damage to another target. ","Tenson Kourin (P): For each Sunlit Ofuda in combat, Amaterasu gains +1 to STR, MAG, TEC, AGI and LCK. ",Noble,Haraedyne (T3 Occult),1,6,6,7,4,2,SSV-35,FALSE
Yatagarasu,11,Sun,"Fire, Intel, Heal",,,"Light, Nuclear",,,,,Dark,Shadow,"+1 MAG, +1 TEC, +1 LCK","Incarnation of the Sun – Once per day, you can grant Fire Boost and Resist Fire to one ally for the duration of the combat.","Maragion: Any number of targets Yatagarasu can see. On hit: 6d4 (15) Fire damage.
Comforting Song: All allies within 4 meters recover 40% HP and are healed of all Mind Status.
Circle of Lethargy: A 6-meter area around Yatagarasu that lasts for 3 rounds. Any number of targets within this area must consider their AGI score as 1 for movement allowance and suffer -1 DDC.","Guide of Paradise (P): At the start of combat, Yatagarasu negotiates with the character with the highest initiative value. Users must pass an Empathy check, difficulty 5, while Shadows fail the check automatically. If the target fails the check, the target and Yatagarasu change places in the initiative queue.
First Star (P): Gains the effects of Mind Charge for its first attack if Yatagarasu is the first character in the initiative queue.",Noble,"Mind Shackle (T3 Intel)",1,6,6,2,8,4,C-226,FALSE
Daisoujou,11,Heirophant,"Fire, Light, Heal",,,Light,Physical,,,,Dark,Shadow,"+2 TEC, +1 AGI","Virtuous – Reduces your natural chance of recovering from Status effects to 10%. At the end of the second consecutive turn you suffer from any one Status, remove that Status automatically.","Mandala (Light): Any number of targets Daisoujou can see lose 30% of their maximum HP. Daisoujou can only use this spell once per combat.
Purifying Flame: Any number of targets. On hit: 5d6 (16) Fire damage. Instantly kills targets below 20% HP
Death’s Edge: Revives a Shadow defeated in this combat with 1 HP.",Null Rage (P): This Shadow cannot suffer the effects of Enraged. ,"Noble, Friendly",Hamaon (T3 Light),1,5,7,7,4,2,C-227,FALSE
Battleship,11,--,,,,,,,,,,Part,,,"Soulless Shot: Up to two targets in the Battleship area. On hit: 7d10 (38) Physical damage. If Oumagatsu targets one User with this spell, this spell treats the target's Physical Affinity as -1. 
Barrage: All units in one of the combat areas, chosen by Oumagatsu. HDC +1. On hit: 7d4 (17) Physical damage and decreases the duration of all Buffs active on targets by 1 round. ",,,,,,,,,,SSVII-39,FALSE
Bugs,11,Fool,"Physical, Light, Buff",,,"Dark, PSY",,,,,Status,Shadow,"+2 STR, +1 AGI","Thriller – Shadows within 2 meters of your position whose level are lower than yours suffer -1 TEC, -1 AGI.","Miracle Punch: 1 target within 2 meters. Critical Margin +2. On hit: STRd6+4 (28) Physical damage.
Regurgitate: All targets within 4 meters. On hit: 1d8 Light damage per STR point Bugs has above 7. After casting, Bugs’ STR returns to its original value.","Accursed Stuffing (P): Units defeated in positions adjacent to Bugs are added to its “stuffing”, increasing its STR by 1.
Escape Route (P): Bugs can perform its full movement as its Interrupt skill. ","Chaotic, Anthropophagous",Desperate Punch (T3 Physical),7,1,5,6,5,2,C-228,FALSE
Depth,11,--,,,,,,,,,,Human,,,"Death Touch: One target within 10 meters. When this spell is declared, the target is moved 1d8 meters towards Depth regardless of the dodge result. On hit: 7d10 (38) Ice damage and Depth restores HP equal to half of the rolled damage. 
The Flood: Any number of units adjacent to Depth. This spell does not allow for a dodge check. 7d6 (24) Physical damage. ","Drowning Agony (P): Every time Depth deals damage to a User, that User suffers a -1 TEC, -1 AGI penalty. This lasts until the end of combat and is not a Debuff effect. ",,,7,1,3,1,12,2,SSVII-33,FALSE
Titania,11,Empress,"Wind, Intel, Heal",,,,"Light, Dark",,,,"Intel, Nuclear",Shadow,"+2 MAG, +4 Empathy","Queen of Fairies – If your HP and Energy are at their maximum values, you deal 10% more damage and take 1 point of Almighty damage at the end of your turn after casting a spell or declaring an attack, no dodge check.","Vacuum Wave: HDC +1. Any number of targets between Titania and a point within 5 meters. On hit: 7d4+1 (18) Wind damage.
Mediarama: All Shadows recover 7d10+7 (45) HP.
Fairy Ring: One target is surrounded by a circle with 4 meters of diameter. If any target declares an action that would remove it from the circle, target takes TECd6 (25) Wind damage and has a 70% chance to suffer Charmed. This circle exists for 3 rounds.","Wind Wall (P): As long as Titania remains in combat, all other Shadows have Resist Wind. ","Snobbish, Friendly",Wind Amp (T3 Wind),1,7,5,7,4,4,C-229,FALSE
Fionn mac Cumhaill,11,Magician,"Physical, Ice",,,"Fire, Light",,,,,Thunder,Shadow,"+2 STR, +1 VIT","Salmon of Knowledge – Treat your Knowledge Tier as +1 for all checks. Every time you gain Knowledge Points, you gain 1d2 extra points. ","Mac an Luin: This spell cannot be cast in two consecutive rounds. One target within 4 meters. This spell does not spend Luck Charges to attempt Critical hits. On hit: 7d10 (38) Physical damage. On crit: Multiply the damage of this spell by 4, instead of 2. 
Bufubarion: One target within 8 meters. On hit: 7d10 (38) Ice damage and the target's total Movement Allowance becomes 1 until the end of Fionn mac Cumhaill's next turn. This is considered a Debuff effect. 
Mist Rush: Up to 1d4 targets within 6 meters. On hit: 7d8 (31) Physical damage. ","Enduring Soul (P): Once Fionn Mac Cumhaill is reduced to 0 HP for the first time in each combat, he's restored to 100% HP. ",Noble,Death Chain (T3 Phys.),7,1,5,5,6,2,SSIV-17,FALSE
Golem,11,--,,,,,,,,,,Human,,,"Blow Dart: One target Golem can see. On hit: 7d10 (38) Physical damage and 50% Slowed chance. 
Brutal Rush: Any number of targets between Golem and one point within X meters, where X is his Movement Allowance (4, or 10 if under the second effect of Conjoined). On hit: 5d8 (22) Physical damage, 25% Knockdown chance, and Golem is moved to the chosen point. 
Devour: One Knocked Down Golem can see. Golem moves to a position adjacent to that target, and that target enters Death's Door. This is a Dark Type Death Category Effect. ","Conjoined (P): Golem takes half damage from all instances of damage. When Golem's
HP reaches 90 or less, it loses access to Blow Dart, has its MAG score decreased to 1,
has its Movement Allowance set to 10 per round, suffers the Enraged Status, and can act
two times per round. Enraged applied by this effect cannot be removed in any way.",,,5,7,6,1,7,2,SSVII-33,FALSE
Hare of Inaba,11,Aeon,"Nuclear, Heal",,,Gun,Fire,,,,Thunder,Shadow,"+1 TEC, +1 AGI, +4 Empathy","Blessing of Pure Water – If you take damage for exceeding your Nuclear Counter limit, gain +2 AGI, +2 TEC for 3 rounds. This is a Buff effect.","Freila: One target within 8 meters. On hit: 6d10 (33) Nuclear damage and grants 1 Nuclear Counter to Hare of Inaba.
Bathed in the Stream: Spend X Nuclear Counters. For each Counter spent this way, Hare of Inaba recovers 20% (20) of its maximum HP.","Reed Armor (P): For each Nuclear Counter on Hare of Inaba, it gains Fortify All 4.",Friendly,Freidyne (T3 Nuclear),1,6,7,7,4,2,C-231,FALSE
Jatayu,11,Hermit,"Wind, Buff",Wind,,,,,,,"Nuclear, Intel",Shadow,"+2 MAG, +1 AGI","Loyal Servant – Upon Assisting an ally’s check, grant one extra point to the check, once per day.",Ha Garula: 3 targets within 7 meters. On hit: 8/11d8+6 (42/56) Wind damage. HDC +2 or Critical Margin +2,"Quick Finish (P): Jatayu gains flight and +3 STR, MAG and TEC for the first 3 rounds of combat. ","Chaotic, Aggressive",Magarudyne (T3 Wind),1,8,6,6,4,2,C-230,FALSE
Lilith,11,Moon,"Ice, Wind, Dark",,,,Ice,,,,Fire,Shadow,"+1 MAG, +1 AGI, +4 Charm","Vengeful – You deal 20% more damage against the last target that dealt damage to you, applied last in damage calculation.","Mudoon: Instantly kills a target whose HP is below 45%
Ha Bufula: 3 targets within 5 meters. On hit: 7d8+8 (40) Ice damage.
Ha Garula: 3 targets within 7 meters. On hit: 7d6 + 6 (30) Wind damage. HDC+2 or Critical Margin +2","Eternal Rest (P): If Lilith hits a target’s weakness, decrease that target’s Energy by 1d4","Flirty, Devilish","Mudoon (T3 Dark)",1,7,5,7,4,4,C-230,FALSE
Oumagatsu,11,--,,,,,,,,,,Tyrant,,"Relentless War Machine – While in a combat area, a User can only declare an attack against that area's section. Battleship and Yasomagatsu have 200 (20/40) HP each, while the Soulless Relay has 100 (10/20) HP. Numbers in parentheses denote Damage Gating. Damage dealt to each section is reflected on Oumagatsu's HP pool. Once each section's HP reaches 0, that section can no longer declare attacks or be attacked, and is removed from the initiative queue, but the combat area it represents is not altered in any way. ",,,,,7,1,8,3,8,6,SSVII-38,FALSE
Raja Naga,11,Temperance,"Thunder, Status",,,,Thunder,,,,Nuclear,Shadow,"+2 MAG, +1 TEC","Reptilian Majesty – As long as your HP is at its maximum value, Counter Category spells cannot be triggered against you and you take no Reflected damage.","Unreal Blade: 1 target within 4 meters. Until the end of Raja Naga’s next turn, the target is forced to use STR or MAG (whichever is lowest) to all STR and MAG checks.
Zionga: 1 target within 8 meters. On hit: 7d8 (31) Thunder damage and 48% Shocked chance.","Summon Servants (P): At the start of combat, Raja Naga summons 1d2 Naga (Level 6, Pg. 196) whose iniative values are equal to Raja Naga’s.",Aggressive,Ziodyne (T3 Thunder),1,7,6,5,4,4,C-226,FALSE
Red Rider,11,Tower,"Physical, Intel",,,"Dark, PSY",,,,,Light,Shadow,"+1 STR, +1 TEC, +4 Knowledge","War – If you slay an enemy, all targets within 2 meters of that target suffer the effects of Tarunda or Tarukaja, your choice, for no action cost","War’s Blade: One adjacent target. On hit: 7d10 (38) Physical damage.
Illusory Terrain: Distorts a section of the map up to 3 meters long in any configuration.","Blood-Red Path (P): No combatants can escape combat against this target.
Defensive Duelist (P): As Red Rider’s Interrupt action: Grants Fortify All TECd6 (25) against one attack. Grants DDC -1 to Red Rider until the start of its next turn.
Fog of War (P): An area around this Shadow, 5 meters wide, is obscured to any number of targets, granting them DDC +2 for 1 round.","Insane, Devilish","Decipher Techniques (T3 Intel)",7,1,7,4,6,2,C-233,FALSE
Soulless Relay,11,--,,,,,,,,,,Part,,,"Maomnidyne: Any number of units within the Soulless Relay and one other combat area. On hit: 7d4 (17) damage. This damage can be one of the following Types, chosen once for all targets: Fire, Ice, Nuclear, Dark. 
Soulless Rain: All spaces in Soulless Relay gain the following effect: Any unit that starts or ends its turn in this space lose 20% of their maximum HP as Almighty damage. Each unit can only take damage from Soulless Rain once per round. This lasts for 1d4+1 rounds. ","Short-Circuit (P): Every time the Soulless Relay takes damage, it deals the same amount of damage as Almighty damage to all Users in its combat area for no action cost, with no dodge check. Once the Soulless Relay's HP reaches zero, Oumagatsu loses the ability to perform its second turn for each round. ",,,,,,,,,SSVII-39,FALSE
Susano-O,11,Chariot,"Physical, Wind, Dark",,"Nuclear, Light",,,,,,"Fire, Ice",Icon,"+1 STR, +1 MAG, +1 TEC","Eternal Black (Dark, Wind) – As an Interrupt action, whenever you deal damage through the Curse of a spell you cast, you can spend 1 Aspect Point: Deal that same damage, as Dark damage, to up to two targets within TEC meters, no dodge check. ","Bonecrusher: One target within 9 meters. On hit: 5d10+3 (30) Physical damage. If the target is below 50% HP after damage calculation, Susano-O can cast this spell again as a Free action, once per round. 
Earthly Vortex: All units in combat, except Susano-O. 6d4 (15) Wind damage, no dodge check. 
Deadly Fist: One target within 9 meters. On hit: 5d10 (27) Dark damage, and Susano-O can choose another target in combat: At the start of that target's turn, they take 5d10 (27) Dark damage, no dodge check. ",,Chaotic,Quantum Drift (T3 Misc.) ,5,6,6,1,6,2,SSV-17,FALSE
Thunderbird,11,Sun,"Thunder, Light",,,,"Thunder, Light",,,,Wind,Shadow,"+2 MAG, +1 AGI","Pulse – Whenever you deal Thunder damage, you can choose to deal SKL Thunder damage to any number of units adjacent to you, no dodge check, as a Quick action. ","Jolt (Thunder): Any number of targets in a straight line between Thunderbird and any number of Electric Totems. On hit: MAGd8 (31) Thunder damage. 
Charge (Light): Any number of targets within 3 meters of Thunderbird or within 3 meters of its Electric Totem. On hit: 7d4 (17) Light damage and Thunderbird gains +1 HDC for its next attack. 
Short Circuit (Thunder): One target within 3 meters. -1 HDC. +2 Critical Margin. On hit: 7d12 (45) Thunder damage. Can only be cast if Thunderbird is adjacent to an Electric Totem.  ","Alternate Totem (P): At the start of combat, each Thunderbird creates one Electric Totem in the battlefield, which is treated as a Zenith of Radiance. When a Thunderbird is removed from combat by any means, remove its Electric Totem. Thunderbird may move its own Electric Totem up to TEC meters in any direction as a Quick action. 
Direct Presence (P): At the start of each of its turns, Thunderbird deals MAG (7) Thunder damage to all units adjacent to it, no dodge check.  ",Noble,Electric Chains (T3 Thunder),1,7,5,5,6,2,SSII-18,FALSE
Triglav,11,Chariot,"Physical, Thunder",,PSY,,,,,,Thunder,Shadow,"+1 MAG, +4 Knowledge, +4 Discipline",Trinity – Consider your SKL as +1 to calculate damage for Multi Category spells.,"Rain of Arrows: Up to 2 targets within 4 meters. On hit: 5d6+4 (6d6+4) (21/25) Gun damage.
Divine Spark: 1 target Triglav can see. On hit: 7d4 (17) Thunder damage. ","Null Stun (P): Triglav cannot be Stunned.
Static Tower (P): Each time Triglav takes damage, it has a 40% chance to cast Divine Spark against the unit that dealt it damage, or 100% chance if the damage dealer is Shocked.","Childish, Aggressive",Death Chain (T3 Physical),5,7,5,2,5,2,C-228,FALSE
Urban Terror,11,--,,,Physical,,Light,,,,,Human,,,"Aim: One target Urban Terror can see. Deals 8d10-4 (40) Physical damage. Does not check for dodge. 
Hostage: One adjacent target cannot move from its position. Whenever Urban Terror takes damage, half the damage is dealt to this target instead. These effects last until the end of Urban Terror’s next round. ",,Snobbish,,8,1,8,8,4,2,SSII-17,FALSE
Vivian,11,Lovers,"Ice, Status, Intel",,,,Ice,,,,Thunder,Shadow,"+1 STR, +1 TEC","Red Snow – Targets you’ve dealt damage to this combat cannot escape combat normally. If the target becomes hidden or invisible, you’re still able to pinpoint its location and can declare attacks against it with a -2 TEC penalty.  ","Crunch: One target within 7 meters. On hit: Wendigo moves to an adjacent spot to the target, deals 6d6-3 (18) Physical damage and heals itself for half the damage. 
Excruciating Howl: All combatants. On hit: 6d4 (15) Ice damage and, before damage calculation, if a target’s HP is not 100%, 100% Slowed chance.  ",,"Aggressive, Anthropophagous",Wage War (T2 Status),1,6,7,7,3,2,C-316,FALSE
White Rider,11,Chariot,"Physical, Status, Dark",,Dark,Nuclear,,,,,Ice,Shadow,"+4 Courage, +1 STR, +1 TEC","Conquest – At the end of each combat, heal 20% of your maximum HP.","Condemnation: One target whose HP is below 80% of its maximum value dies immediately. If this spell kills a target, Repress this spell.
Terrifying Visage: Any number of targets within 6 meters have a 60% chance to suffer Fearful.
Guillotine: One target within 10 meters. On hit: 6d10 (33) Physical damage. This spell deals double damage against targets suffering from any Status.",,"Aggressive, Noble",Akasha Arts (T3 Physical),6,1,7,5,6,2,C-233,FALSE
Yasomagatsu,11,--,,,,,,,,,,Part,,,"Soulless Cannon: Up to three targets in one area. On hit: 7d8 (31) Light damage and the target loses 2d2 Luck Charges. 
Magatsu Crush (Intel): All units in the Yasomagatsu area. 20+5TEC% (60%) chance to apply the following effect: Move the unit to an unoccupied space in the Soulless Relay area, then apply Knockdown to that unit. ",,,,,,,,,,SSVII-39,FALSE
Yomotsu-ikusa,11,Hanged Man,"Physical, Ice, Status",,,Dark,,,,,Fire,Shadow,"+1 STR, +1 MAG, +1 AGI","Chaser of Yomi – Once per combat, you can choose one target you can see. Reduce that target’s AGI for movement allowance by half and add the difference to your own movement allowance for the duration of combat.","Crush Fangs: 1 target within 3 meters. On hit: 6d8 (27) Physical damage and Tarundamon (-2 STR, -2 MAG for 3 turns)
Crush Stomach: 1 target within 3 meters. On hit: 6d6 (21) Gun damage, Rakundamon (Fortify Physical & Elements -8 for 3 turns) and 35% Panicked chance.
Crush Legs: 1 target within 3 meters. On hit: 6d4+5 (20) Ice damage and Sukundamon (-2 TEC, -2 AGI for 3 turns)",,"Chaotic, Aggressive",Vile Assault (T3 Physical),6,6,5,4,7,2,C-227,FALSE
Akihiko Sanada & Caesar,12,Emperor,"Physical, Thunder, Debuff",,,Thunder,Physical,,,,,User,,Cyclone – Akihiko’s MAG score cannot be lowered. Akihiko uses MAG instead of STR for all relevant checks. Thunder spells Akihiko casts deal 50% more damage. ,"Wings of Vanth: 1 target within 9 meters. On hit: MAGd12-MAG (49) Physical damage. 
World Breaker: All adjacent targets. -1 HDC. On hit: Deals 100% of target’s HP as Physical damage. 
Gravity: Up to 4 targets within TEC (8) meters. Places all targets in adjacent positions to Akihiko, without checks. Then, cast the following: Any number of adjacent targets. On hit: MAGd4-10 (12/18) Thunder damage and reduces target’s movement allowance to 2 until the end of the next round. ","Auto-Masukundaou (P): Inflicts -2 AGI, -2 TEC to any number of targets for the first 3 rounds of combat. ",,,9,9,8,7,5,2,SSI-22,FALSE
Arcana Hermit,12,Hermit,"Thunder, Dark",Thunder,,,,,,,,Tyrant,,"Arcana of Isolation – If there are no units adjacent to Arcana Hermit at the end of its turn, it gains a second turn this round. This can only activate once per round. ","Charge: Arcana Hermit gains one Voltage Counter. 
Repulsion Field: All Users within 4 meters of Arcana Hermit. On hit: 9d6 (31) Thunder damage and Users must pass a Vitality (7) check, risking allowed. If the User fails the check, they are moved 2d4 spaces away from Arcana Hermit and take extra Thunder damage equal to the amount of spaces moved divided by 2. 
Mamudoon: Any number of Users in combat whose HP is below 30% HP are instantly slain. 
Megido: One target within 5 meters and all units adjacent to that target. On hit: 9d6 (31) Almighty damage.  ","Grounded (P): Arcana Hermit cannot be moved from its position and is immune to effects that denote a space, such as Fire Monk's Trance. 
High Voltage (P): At the start of each round, Arcana Hermit deals 2MAG (18) Thunder damage to all units adjacent to it, no dodge check. ",,,1,9,8,5,6,2,SSVI-50,FALSE
Neko Shogun,12,Star,"Intel, Heal",,,Light,,,,,"Wind, PSY",Shadow,"+1 STR, +1 MAG, +1 VIT, +4 Courage",Divine Grace – Heals 25% more HP from all sources.,"Basic Attack: At the start of combat, roll 1d6 to determine this Shadow’s weapon, which substitutes its basic attack.
1-2: Kataneko: 1 adjacent target. On hit: 6d10 (33) Physical damage. A supremely sharp sword.
3-4: Yumeow: One target within 15 meters. On hit: 6d8 (27) Gun damage. A cute composite bow.
5-6: Gunyanpai: One adjacent target. On hit: 6d8 (27) Physical damage. +1 HDC outside of Neko Shogun’s turn and +1 DDC during Neko Shogun’s turn. A fascinating fan.
Geas: When any Shadow hits a target, Neko Shogun can spend 1 counter to increase the dealt damage by 50%. Ha Diarama: Neko Shogun and one target that can hear it recover (6d8) * 3 (81) HP.
Purring Strategist: Spend 1 counter: Changes the elemental interaction of 1 target against any Type to Neutral.","Sharp Eyes (P): All targets of Neko Shogun’s Geas or Purring Strategist become Analyzed.
Tempest Link (P): When a Shadow attacks an Analyzed target, Neko Shogun can declare a basic attack after its ally’s action as its Interrupt action.
Powerful Perception (P): Gains 3 cognitive counters at the start of each round.","Noble, Snobbish",Vitals Monitor (T3 Intel),6,6,5,6,7,3,C-232,FALSE
"Beelzebub, Host of the Merciless Swarm",12,Devil,"Status, Debuff",,Status,,,,,,,"Merciless, Tyrant",,"Putrid Swarm – Every time a User takes damage while Beelzebub is in combat, there's a 75% chance for that target to suffer the Nervous Status effect Infested. This ignores Status Affinity and causes a -1 STR, MAG, TEC and AGI penalty that stacks with Debuff effects. This Status can be removed like any other Nervous Status.","Wave of Filth (Status): All Users in combat. 15+5TEC (60%) Poisoned chance. Before rolling, apply Status Affinity -1 to each target for this spell. 
Burst: One Infested target loses 30% of their maximum HP as Almighty damage, and spawn one Rotten Swarm in an unoccupied position adjacent to the target, with the same initiative as Beelzebub. 
Plague: One target Beelzebub can see. On hit: Move up to eight Rotten Swarms to adjacent positions to the target. For each Rotten Swarm moved this way, the target loses 10% of their maximum HP as Almighty damage. 
Sea of Filth: All Users in combat. On hit: 2Xd4 Ice damage, where X is the number of Rotten Swarms in combat. If the target is Poisoned, they immediately take Poisoned damage, even if this spell misses. ","Maddening Buzz (P): At the start of each round, Beelzebub gains +1 TEC, +1 AGI for every target suffering from any Status effect in combat. This lasts until Beelzebub is defeated, is not a Buff effect, and stacks with previous activations of itself. 
Overflowing Miasma (P): Status spells cast by Beelzebub are considered Quick actions. ",,,1,1,9,9,9,1,SSVII-44,FALSE
Best Friend,12,--,"Physical, Fire, Status",,,,Gun,,,,Status,Tyrant,,"Curiouser and Curiouser – Best Friend has two turns per round, and does not roll for initiative. Rather, Best Friend's first turn is the first in the initiative queue, and the second turn is last in the queue. Best Friend's position in the initiative queue cannot be changed by any effects. ","Gore: One target. On hit: 9d10 (49) Physical damage. If this puts a target in Death's Door, Best Friend can cast this spell again as a Free action. 
Ravage: All units within 4 meters of Best Friend. On hit: 9d6 (31) Fire damage. If the target is suffering from a Status effect, this spell deals double damage, applied separately from Critical calculation. 
Shred: One target within 4 meters. Best Friend becomes adjacent to this target when casting this spell. On hit: 9d4 (22) Intel Type damage. If this spell hits, all the target's Type interactions become Neutral. This is considered a Condition and can only be removed when combat ends or the User enters Death's Door. ",,,Each User gains 1 Character Level (Added to the default reward for this battle) ,9,1,8,6,6,2,SSV-43,FALSE
Black Rider,12,Star,"Physical, Dark",,,Nuclear,"Light, Dark",,,,,Shadow,"+4 Expression, +4 Charm, +1 STR, +1 AGI","Famine – You can drain an adjacent ally’s Energy, with their consent, to raise yours by the same amount.",Pralaya: Any number of targets within 5 meters. On hit: 7d4+7 (25) Physical damage and 30% Fearful chance.,"Hellish Miasma (P): Debuff and Status effects do not expire naturally or by duration and can only be cured through items or spells as long as this Shadow remains in combat.
Ravenous (P): Any combatant suffering from Debuff or Status effects loses 2 points of Energy at the start of each of its turns.","Insane, Noble","Eigaon (T3 Dark)",7,1,6,7,5,2,C-234,FALSE
Byakko,12,Temperance,Ice,Ice,,,,,,,Dark,Shadow,"+2 MAG, +1 TEC, +1 AGI","Autumn Winds – Once per day, you can call a number before Risking a dice. If the called number is equal to the roll’s result, do not roll the subtraction dice.","Fire Null: One target Byakko can see gains Null Fire for 1 round. This spell can be cast as an Interrupt action.
Bufula: One target within 10 meters. On hit: 7d10 (38/57) Ice damage.
Ha Bufula: 3 targets within 5 meters. On hit: 7d6 (24/36) Ice damage. 100% Stun chance and Weakness to Physic until the start of Byakko’s next turn.",Ice Amp (P): Ice spells this Shadow cast deal 50% more damage.,"Chaotic, Noble",Bufudyne (T3 Ice),4,7,6,7,4,2,C-232,FALSE
Atropoş,12,Fortune,"Thunder, Heal",,,Wind,,,,,Fire,Shadow,"+2 MAG, +2 AGI","A Hair’s Breadth – Once per session, when your HP drops to 0 or lower, you gain an extra turn immediately, with no penalties. After this extra turn, you enter Death’s Door with 2 counters instead of 3.","Unravel: Heals 10% HP to 1 target Atropos can see. Can be cast as an Interrupt action.
The Thread: Two points Atropos can see, both within 8 meters. Targets that cross the space between these two points take 8d4+4 (24) Thunder damage (no save) and restores Atropos’s ability to cast Interrupt actions if she’s already done so this round.","Cut the Line (P): As long as this Shadow remains in combat, Users enter Death’s Door with 1 counter.","Noble, Childish",Discharge (T3 Thunder),1,8,6,7,3,4,C-236,FALSE
Chidori & Medea,12,Hanged Man,,,,,,,,,,User,,"Falling Down – Chidori takes no damage from any attacks, is immune to all Status effects and Death category effects, and cannot be healed by any effects. This skill overrides all other features with similar or opposing effects. At the end of every round, Chidori loses 5 HP. Once Chidori reaches 0 HP, all Blight Coronets disappear and she dies. ","Chained Hatchet: One target within 3 meters. Hit: MAGd10 (50) Physical damage, restore 20HP to one Blight Coronet.
Burning Hate: Chidori summons up to 2 Blight Coronets, placed immediately after Chidori in the initiative queue.
Maragidyne: Any number of targets. On hit: MAGd4 (22) Fire damage.
Mudoon: One target Chidori can see. Instantly kills targets below 45% HP.","Twisting Grudge (P): At the start of combat, Chidori summons two Blight Coronets, mirror images of Medea.",,"Lolita Dress (Armor, 4 RP)",3,9,6,6,1,2,SSI-16,FALSE
Cleopatra,12,Empress,"Light, Status, Buff",,,,"Fire, Ice, Wind, Thunder",,,,"Light, Dark",Shadow,"+4 Charm, +4 Expression, +1 TEC, +1 AGI","Flawless Beauty – If all your Social Skills are the same Tier, you gain +1 Tier for all Social Skill checks. ","Frolic: Any number of targets. Inflicts -2 STR, -2 MAG, Fortify Physical & Elements -8 for 3 rounds (this is a Debuff effect) and 5TEC% (50%) Charmed chance. 
Hamabarion: Deals 40+3TEC% (70%) of the target's current HP as Light damage. If the target is Weak or Neutral against Light, this has a 20% chance to put the target in Death's Door. ","Luster Candy (P): At the start of combat, Cleopatra and all Shadows gain +1 STR, +1 MAG, +1 TEC, +1 AGI, +1 LCK for the next 3 rounds. 
Adaptive Tactics (P): After Cleopatra takes damage she's Weak against, remove the Weakness to that Type and apply Weakness to a different Type (Narrator's choice). ","Devilish, Snobbish",Kougaon (T3 Light),1,3,10,6,6,2,SSIV-18,FALSE
Dagda-α,12,Emperor,"Physical, Ice",,,,"Fire, Ice, Wind, Thunder",,,,Light,Alpha,"+1 STR, +1 MAG, +1 TEC, +1 AGI","Peerless Strength – Up to three times per combat, when you declare a basic attack or Mono spell against a target, you can activate the following effect for no action cost: If your STR or MAG (your choice) is higher than the target's STR or MAG (Narrator's choice), this attack gains +1 HDC. ","Lost Hit: One target within 6 meters. On hit: 5d10+5 (32) Physical damage and move the target up to 6 meters in any direction. 
Lordship Over Mortals: One target Dagda-α can see. On hit: target loses 2 Energy for each meter of distance between the target and Dagda-α 
Denial: One target within 3 meters. On hit: 5d10+3 (30) Ice damage, move the target up to 6 meters in any direction, and reduce the target's movement allowance to 1 until the end of Dagda-α's next turn. ",,"Noble, Friendly",Ice Amp (T3 Ice),5,5,6,6,8,2,SSIV-15,FALSE
Dormarth,12,Aeon,"PSY, Buff, Debuff",,,PSY,Physical,,,,Ice,Shadow,"+2 VIT, +1 STR, +1 MAG",At the Gates – Lower your Energy penalty for entering Death’s Door by 2.,"Binding Voice: Any number of targets within 6 meters. On hit: STRd6 (12) PSY damage and 10TEC% (40%) Shocked chance.
Ruffle (Buff): Any number of targets Dormarth becomes adjacent to during her movement. Dormarth and all targets gain +2 AGI, +2 TEC for 3 rounds.
Static Discharge (Debuff): Any number of targets Dormarth becomes adjacent to during her movement. All targets suffer -2 AGI, -2 TEC for 3 rounds.",,"Flirty, Devilish",Imprint (T3 PSY),5,5,4,4,7,4,C-231,FALSE
Girimekhala,12,Moon,"Physical, Dark, Status",,"Physical, Gun",Dark,,,,,Light,Shadow,"+2 STR, +2 TEC","Ominous Eye – At the start of combat, you may choose one Non-Tyrant target. That target cannot recover HP or be revived by any effects for the duration of combat.","Eye of Pestilence: Any number of targets within 5 meters. On hit: 7d4 (17) Physical damage and TEC*5% (35%) Poisoned chance.
Crush: 1 target whose HP is below 25% dies instantly",,Chaotic,Crushing Force (T3 Status),7,1,7,5,6,2,C-235,FALSE
Jeanne D’Arc,12,Judgement,Heal,,Light,,"Gun, Dark",,,,Fire,Shadow,"+2 VIT, +1 MAG, +4 Courage","Maid of Orleans – Once per day, you may add your Expression Tier (Min. 1) to one of your Combat Skills for the duration of combat. ","Sword of Miracles: On hit, deals X Almighty damage, where X is Jeanne D’Arc’s current HP divided by 10 (minimum 1) 
Penitence: Revives a Shadow defeated during this combat with 50% of its maximum HP and restores MAGd6 (31) HP to any target Jeanne D’Arc can see. ",Pleroma (P): Healing spells that include Jeanne D’Arc as a target restore 50% more HP to all targets. ,Noble,Me Soma (T2 Heal),1,9,5,1,10,2,C-314,FALSE
Kushinada,12,Lovers,"Fire, Intel, Status",,"Light, PSY",,,,,,Status,Shadow,"+1 MAG, +1 TEC, +1 AGI, +4 Charm","Uddokomu – Once per day, you may choose a target. As long as you’re adjacent to an ally, this ally receives -1 DDC and you gain +1 DDC, both against the chosen target. These are not Buff effects.","Incinerate: 1 target within 8 meters. On hit: 7d8 (31) Fire damage. Ignores Resist and treats Null as Resist.
Pulinpaja: One target within 8 meters. 50+5TEC% (85%) Panicked chance.
Blur: Kushinada becomes invisible and cannot be chosen as a target for attacks or spells until she declares a non-movement action.","Hidden in Mist (P): Targets that cannot see Kushinada are incapable of acquiring any information from her through Intel or affect her with any abilities. Upon using Blur, Kushinada loses the Analyzed condition and any counters placed on her.","Flirty, Anthropophagous",Inferno (T3 Fire),1,7,7,7,4,2,C-237,FALSE
Narasimha,12,Strength,"Physical, Light",,,Light,,,,,Fire,Shadow,"+2 STR, +2 TEC","Cleave Immunity – Once per day, you may choose a target and a Type: this target’s interaction with the Type becomes Neutral until the end of the scene.","Deadly Chain: One target and all adjacent targets within 4 meters. On hit: 8d6 (28) Physical damage.
Hamaon: One target Narasimha can see loses 61% of its current HP. ",Sword breaker (P): Shadows that are adjacent to Narasimha gain Resist Physical.,"Aggressive, Friendly",Hamaon (T3 Light),8,1,7,5,5,2,C-236,FALSE
Pabilsag,12,Emperor,"Physical, Dark, Debuff",,,Fire,Nuclear,,,,Ice,Shadow,"+2 STR, +2 TEC","Sagittarius - Grants +1 SKL, +1 TEC for hit and damage rolls for all Bow Weapons.","Circle of the Swamp: Creates an area around Pabilsag with a 5-meter radius. Any number of targets within this area suffers -3 AGI. The circle lasts for 3 rounds.
Constriction: Any number of targets within Circle of the Swamp. On hit: 7d6 (16) Physical damage.
Undertow: One target Pabilsag can see. Kills instantly a target whose HP is below 20%. If the target is within Circle of the Swamp, this spell’s cap is raised to 50%.",,Anthropophagous,"Tarundaou (T3 Debuff)",7,1,7,2,8,4,C-237,FALSE
Pale Rider,12,Death,"Dark, Status",,"Dark, PSY",,,,,,Light,Shadow,"+2 TEC, +2 VIT",Death – All Dark Type spells you cast must hit one extra target. You may choose yourself.,"Pestilence: 1 target. 100% Poisoned chance.
Death’s Scythe: One target within 10 meters dies immediately if its HP is below 90%, or deals 20 points of Dark damage otherwise.","Hyper-Counter (P): 30% chance to retaliate against a Physical spell or basic attack with Death’s Scythe.
Shield of Shadows (P): 50% chance to resist any magic attack. -1 DDC against all spells.",Noble,Mamudoon (T3 Dark),1,1,9,6,8,4,C-234,FALSE
Psyche,12,Heirophant,"Physical, Ice, Wind",,,,,,,,,Icon,"+2 STR, +2 LCK","Cramoisie Papillon (Ice, Wind) – If you cast a Multi Category Ice or Wind spell, you can choose one target within range twice. ","Poison Arrow: One enemy within 3 meters. On hit: 7d10 (38) Physical damage and 45% Poisoned chance. On Critical: Increase the Poisoned chance to 90%. 
Irresistible Advance: One enemy Psyche can see. HDC +1. On hit: Psyche moves to a position adjacent to the target and deals 7d10 (38) Wind damage. 
Solitary Blizzard: All units within 4 meters of Psyche. On hit: 7d6 (24) Ice damage. If there are no Shadows within the range of this spell besides Psyche, this spell deals a guaranteed Critical hit without spending Luck Charges. ",,,Tempest (T3 Wind),7,1,7,1,8,6,SSV-17,FALSE
Rangda,12,Magician,"Physical, Dark, Debuff",,,"Fire, Dark",Nuclear,,,,Ice,Shadow,"+1 AGI, +1 LCK, +4 Expression, +4 Courage","Terrifying Widow – You can grant yourself Expression Tier +2 and Charm Tier -3 for the duration of one Scene, once per day.","Melt Blades (Debuff): The User with the highest STR is forced to use its MAG score as its STR score for 3 turns. This effect is removed if another target is affected by Melt Blades or Harden Nerves.
Harden Nerves (Debuff): The User with the highest MAG is forced to use its STR score as its MAG score for 3 turns. This effect is removed if another target is affected by Melt Blades or Harden Nerves.
Bleed Out: One target within 4 meters. On hit: 7d6+8 (32) Physical damage and instantly kills if the target is below 25% HP.",Shapeless (P): Rangda gains Reflect against one Type of the Narrator’s choice at the start of each round. This effect disappears after an attack of the chosen type is rolled against Rangda until the start of the next round.,"Chaotic, Devilish","Zai Aku Tou Ten (T3 Dark)",7,2,7,8,2,4,C-238,FALSE
Rotten Swarm,12,Devil,,,,,,,,,,Minion,,,"Multiply: One adjacent target. If the target is not Infested: 75% Infested chance. If the target is Infested: Spawn one Rotten Swarm in an unoccupied position adjacent to the target, with the same initiative as that target. 
Pester: One target within 6 meters. Rotten Swarm moves to an adjacent position to the target before rolling to hit. On hit: 5d10 (27) Fire damage and 50% Stunned chance. ","Unsanitary (P): Users adjacent to a Rotten Swarm suffer Status Affinity -1. This stacks if there are more than one Rotten Swarm adjacent to the same User. 
Minuscule (P): +1 DDC against all attacks. Rotten Swarm's movement allowance cannot be decreased by any means. ",,,1,6,5,8,6,1,SSVII-45,FALSE
Seiryu,12,Temperance,"Thunder, Intel, Debuff",,,,Ice,,,,"PSY, Status",Shadow,"+2 TEC, +1 AGI, +4 Knowledge","Trees of Spring – Once per day, you spend 1 Aspect Point to make plants grow, shrink, bloom or wither in the Metaverse.","Magnetize: 1 target within 6 meters. On hit: 6d8+2 (30/37) Thunder damage and applies the following effect: -2 TEC, -2 AGI. Whenever this target is hit by a Thunder spell, deals 3d4 (8) extra Thunder damage to all adjacent targets. This effect lasts for 3 rounds.
Gigantic Aspect: 1 target Seiryu can see suffers -1 HDC until the end of Seiryu’s next turn.",Thunder Boost (P): Thunder spells cast by Seiryu deal 25% more damage.,"Noble, Snobbish",Ha Ziodyne (T3 Thunder),1,6,7,6,5,4,C-235,FALSE
Alraune,13,Aeon,"PSY, Status",,,Status,,,,,Fire,Shadow,"+8 Charm, +8 Empathy","Blood of the Gallows – Each time you defeat a Shadow, place an effect on the space it occupied which grants +1 STR, +1 MAG, +1 TEC, +1 AGI as long as you are standing on it. This is not a Buff effect and lasts until the end of combat, but this effect cannot overlap with other activations of this Natural Skill.","Spores: Any number of targets within 11 meters. 10+5TEC% (65%) Fearful chance.
Toxic Vine: Up to 3 targets Alraune can see. 5+5TEC% (60%) Poisoned chance.
Dark Thorns: One target Alraune can see. On hit: 6d8 (37) PSY damage. If the target is suffering a Status effect, apply the following condition: This target cannot move from its current position by any means, and takes 1d8 (4) PSY damage at the start of each of its turns (no dodge) until they are healed of all their Status effects.","Deep Roots (P): Alraune cannot be moved from its starting position by any effects, and is immune to effects that designate a space or area instead of a target.",Anthropophagous,Psiodyne (T3 PSY),1,6,11,1,8,2,C-245,FALSE
Arahabaki,13,Hermit,"Fire, Buff",,"Physical, PSY",,"Light, Dark",,,,,Shadow,"+2 AGI, +2 VIT",Forgotten Rebellion – Increases the chance to trigger all Counter Category skills of your deck by 10%,"Tetrakarn: Grants Reflect Physical to one ally. This effect is removed after one Physical attack hits the target.
Abyssal Light: 1 target Arahabaki can see. 10TEC (30) Almighty Damage. This attack’s hit roll is always 25.
Firmament: Arahabaki can no longer be moved from its current position, reduces its AGI to 4 and doubles its current and maximum HP. All these effects last until the end of combat or until Firmament is cast again.",Perfect Mirror (P): 75% chance to retaliate against a basic attack or Physical spell with Abyssal Light.,"Chaotic, Noble",Reflect Physical (T3 Misc.),1,1,3,10,10,6,C-242,FALSE
Baal,13,Emperor,"Physical, Wind, Buff",Wind,Nuclear,,"Dark, Light",,,,Physical,Shadow,"+4 Discipline, +4 Expression, +1 STR, +1 MAG","Many Names – You may gain +2 Tiers to any Social Skill to impersonate and use a disguise, once per day.","Massive Fist: One adjacent target. On hit: STRd10 (33) Physical damage and Knockdown.
Garudyne: 1 target within 8 meters. On hit: MAGd10 (33). HDC +2 or Critical Margin +2
Ha Sukukajaou: Up to 2 targets Baal can see: +3 AGI, +3 TEC for 3 rounds.",Opposing Force (P): Critical Margin +2 to Baal and +1 to its allies.,"Noble, Devilish", Revolution (T3 Buff),6,6,7,6,4,6,C-240,FALSE
Baphomet,13,Devil,"Fire, Ice, Thunder",,,Dark,Fire,"Physical, Gun",,,Light,Shadow,"+2 MAG, +1 TEC, +4 Knowledge","Satanachia – When you gain a Character Level that’s a multiple of 3, grant 2 points to one Social Skill of your choice.","Agilao: 1 target within 8 meters. On hit: 9d6+4 (25) Fire damage
Ha Bufula: 3 targets within 7 meters. On hit: 9d4 (22) Ice damage.
Mazionga: Any number of targets. On hit: 9d4-3 (19) Thunder damage and 36% Shocked chance.",,"Devilish, Snobbish",Absolute Zero (T3 Ice),1,9,7,5,5,2,C-241,FALSE
Barong,13,Emperor,"Thunder, Status",,,"Thunder, Light",PSY,,,,"Fire, Wind",Shadow,"+1 MAG, +1 TEC, +4 Discipline, +4 Courage","Prosperous Goodwill – Once per day, you may receive Expression and Charm Tiers +2 until the end of the Scene, but you are forced to speak only the truth and reply to all questions directed at you with sincerity.","Royal Summons: All combatants suffer 15*5TEC% (55%) Enraged chance.
Ziodyne: 1 target within 8 meters. On hit: 8d8-6 (30) Thunder damage and 65% Shocked chance.",Null Poison (P): Barong cannot be inflicted with Poisoned.,Chaotic,Maziodyne (T3 Thunder),1,8,8,6,4,2,C-246,FALSE
Black Frost,13,Fool,"Fire, Ice, Dark",,,Ice,Fire,,,,"Light, Wind",Shadow,"+2 MAG, +2 TEC","Chaotic (and Evil) – You may declare a basic attack or cast a spell aimed at an ally. On hit: you gain +1 MAG, +1 AGI for 3 rounds (the target still takes the damage). This is a Buff effect that stacks with other Buff effects.","Nifl-heee: One target within 10 meters. On hit: 10d6+10 (35/52) Ice damage.
Maragidyne: Any number of targets Black Frost can see. On hit: 10d4 (25) Fire damage.
Mudoon: Instantly kills a target whose HP is below 50% its maximum value.","Frozen Paradise (P): Ice spells cast by Black Frost hit all targets adjacent to the original target.
Ice Amp (P): Ice spells cast by Black Frost deal 50% more damage.","Childish, Aggressive",Fire Amp (T3 Fire),1,10,7,2,7,2,C-239,FALSE
Blight Coronet,13,Hanged Man,,,,,Fire,,,,Ice,Minion,,,"Corrode: 1 target. On hit: STRd8 (22) Physical damage and Fortify All -5 on target for 2 rounds. 
Spring of Despair: 1 target. 50% Fearful chance. ",,,,5,2,5,2,5,2,SSI-16,FALSE
Erlkonig,13,Tower,"Wind, Thunder, Dark",,,"Wind, Thunder, Dark",Gun,,,,Fire,Shadow,"+2 MAG, +2 VIT","Amidst the Trees – You can use your movement action to automatically move to any unoccupied Pollen space. If you do, you gain +1 HDC for the next attack you declare until the end of your next turn. ","Distant Thunder: One target Erlkonig can see. On hit: (52) Thunder damage and 30% Shocked chance. If the target takes damage from this spell, place one Sapling onto the map. If the target suffers Shocked from this attack, place another Sapling onto the map. 
Hapakradyne: Up to three targets Erlkonig can see. On hit: 9d8 (40) Wind damage. If at least one target took damage from this spell, Erlkonig places one Sapling in an unoccupied space on the map. 
Verdant Phantasmagoria: Can only be cast if there are four or more spaces currently occupied by a Sapling. Erlkonig removes four Saplings from combat, moves to a free adjacent position to a User it can see and puts that target in Death's Door. This is an Almighty Death Category Effect. ","Alder King (P): At the start of each one of Erlkonig's turns, it heals itself and all Shadows in combat for 20% (48) of its maximum HP. At the start of each User's turn, that User suffers a -2 STR, -2 MAG Debuff until the end of their turn. 
Enduring Patience (P): Erlkonig cannot move or be moved from its position by any means outside of Verdant Phantasmagoria. Erlkonig is immune to any effects that specify a space, such as Fire Monk's Trance. 
The Endless Forest (P): Saplings are effects placed by Erlkonig on map spaces. Spaces occupied by Saplings cannot be moved into or through, and Saplings are only removed when Verdant Phantasmagoria is cast, or when combat ends. ","Noble, Insane","In Mourning, Purple Hyacinth (T3 Bloom)",1,9,8,1,8,2,SSVI-37,FALSE
Ganesha,13,Star,"Physical, Debuff",Wind,,,,,,,Status,Shadow,"+2 STR, + 1 VIT, +4 Courage","Lord of Obstacles – You can substitute any target’s initiative by half of yours, at the start of combat.","Giant Slice: All units between Ganesha and a point within 5 meters. On hit: 8d6 (28) Physical damage.
Masukundamon: Any number of targets suffer -2 TEC, -2 AGI for 3 rounds.",,"Noble, Aggressive",Sukundaou (T3 Debuff),8,1,5,4,8,4,C-244,FALSE
Hadad,13,Emperor,"Wind, Buff",Wind,,,Light,,,,,Shadow,"+1 MAG, +1 TEC, +2 VIT",Claim the Title – You gain +1 Tiers to all your Social Skills to Interact with targets of the same Arcana as your Active Persona.,"Tetraja: Any number of targets becomes immune to Death category spells for 3 rounds.
Shield of the Storm: Hadad loses 25% of its current HP to cast this spell. Any number of targets. On hit: 6d8 (21) Wind damage. Hadad gains Fortify All 3 for each hit target until the end of its next turn.",,"Devilish, Friendly",Rakukajaou (T3 Buff),1,6,6,5,8,4,C-241,FALSE
Hades,13,Death,"Ice, Dark, Status",,,"Ice, PSY, Dark",,,,,Fire,Icon,"+2 MAG, +2 VIT","Wailing Depths (Ice, Dark) – Once per combat, as a Quick action, you can forget an Imbue effect you have memorized and target one enemy within TEC meters: If that target's HP is below 20%, that target is immediately slain. This is considered a Death Category effect. ","Swirling Oblivion: Any number of targets. On hit: 9d6 (31) Water damage. After casting this spell, Hades gains +1 TEC. This stacks with previous activations. 
Sinking Misery: One target Hades can see whose HP is below 30% of its maximum enters Death's Door. After casting, if this spell defeated a target, all spells Hades casts restore 10% (50) HP to Hades. 
Scorching Agony: Up to three targets within 9 meters. 15+5TEC (60%) Stunned chance. After casting this spell, all spells Hades casts gain 20% Charmed chance on hit. This stacks with previous activations. ","Seventh Spiral of the Underworld (P): The effects applied after Swirling Oblivion, Sinking Misery, and Scorching Agony are cast are not Buff effects and last until Hades is defeated. ",Insane,Zai Aku Tou Ten (T3 Dark),1,9,9,1,8,2,SSV-19,FALSE
Narcissus,13,Lovers,"Wind, Heal",,,Thunder,"Wind, Light",,,,Fire,Shadow,"+1 MAG, +2 AGI, +4 Charm",Spotlight – Grants +2 MAG for the first round if you’re the first unit in the initiative queue. This stacks with other Buff effects.,Ballet of the Wind: Up to 1d6 targets within 7 meters. +1 HDC. On hit: 9d4 (17) Wind damage and 20% Charmed chance.,"Pride... (P): All of Narcissus’ Attacks have 20% chance to inflict Charmed
... And Downfall (P): If a target of any of Narcissus’ attacks has an effect that can Reflect Status effects, Narcissus will always be inflicted by the reflected Status.
Devotion (P): Every time Narcissus dodges an attack; it heals up to 50% of its maximum HP.","Snobbish, Flirty",Amrita (T3 Heal),1,9,4,10,3,2,C-244,FALSE
Hokuto Seikun,13,Heirophant,"Physical, Ice",,Thunder,,,,,,Fire,Shadow,"+4 Knowledge, +2 STR, +1 TEC","Wiseman of the North Star – At the start of each combat, roll initiative a second time. Any one of your allies may substitute their initiative rolls with the second roll","Absolute Blade: 1 target within 4 meters. On hit: 8d6 (36) Physical damage. If the target has Null, Reflect or Drain Physical, this attack deals 5d8 (22) Ice damage instead.
Seven Stars of Death: 1d6 targets Hokuto Seikun can see. On hit: 5d4+4 (16) Ice damage.",,Aggressive,Diamond Dust (T3 Ice),8,5,6,3,5,2,C-243,FALSE
Kin-Ki,13,Chariot,"Physical, Buff",,,"Physical, Nuclear",,,,,Intel,Shadow,"+1 STR, +2 TEC, +1 AGI","Golden Body – When a target declares a basic attack or Physical spell against you and that attack either misses or deals no damage, you gain +1 HDC until the end of your next turn.","Despair: Grants +2 STR, +2 MAG, +2 TEC, -3 AGI, -1 VIT, and -2 LCK to Kin-Ki until the end of its next turn.
Double Fists: Up to 2 targets within 3 meters. On hit: 6d8+8 (35) Physical damage. Deals half damage if two targets are chosen.
Bull Rush: 1 target within 6 meters. On hit: Kin-Ki occupies the target’s position and launches it up to STR (6/8) meters in the opposite direction of its movement. To each meter traveled by the effect of this spell, target takes 2STR (12/16) Physical damage.",Hyper-Counter (P): 20% chance to retaliate against a basic attack or Physical spell with any one of its Physical spells.,Chaotic,Auto-Tarukajamon (T3 Buff),6,1,9,6,4,4,C-243,FALSE
Moowis,13,--,,,,,Fire,,,,Thunder,Human,,,"Marker: One target Moowis can see gains the Marked Condition. Moowis has +1 HDC against Marked targets and can target Marked targets for any attacks even if the target is obscured, invisible, outside of the attack's range or otherwise unreachable. 
Vivisection: One target within 6 meters. On hit: 9d12 (58) Physical damage, and the start of that target's next turn, they lose 20% of their maximum HP as Almighty damage. 
Dynablast: Dynablast: Any number of targets between Moowis and a point within 5 meters. On hit: 9d8 (40) Fire damage and applies the following Condition: Fire Affinity -1. This Condition does not stack with other activations of itself. ",,,,1,9,8,5,5,2,SSVIII-15,FALSE
Reiko Kashima,13,Lovers,"Dark, Debuff",Dark,,,,,,,"PSY, Status",Rumor,"+2 TEC, +1 VIT, +1 LCK","Lingering Curse – If you’re in Death’s Door, you may choose one ally within TEC meters who isn’t. With their consent: You are revived with 1 HP, and that ally enters Death’s Door. This is considered a Free action. ","The Killing Question: Reiko Kashima engages negotiation with one User she can see: The target must perform an Expression check. If the result is less than 6, the next attack declared against the target is a guaranteed Critical hit. 
Disembowel: One target within 10 meters. On hit: 4d10 (22) Dark damage. If this attack was a Critical hit, Curse the target with the following effect: At the start of the target's turn, they take 4d10 (22) Dark damage. If damage from this attack puts a User in Death's Door, they immediately lose one counter. ","You’re Next (P): As long as there's at least one Reiko Kashima in combat, whenever a Shadow that isn't Reiko Kashima is slain, summon a Reiko Kashima with 10% HP (24) in the same position as the slain target, in the same place in the initiative. Copies of Reiko Kashima summoned by this effect grant 100 Experience.  ","Aggressive, Anthropophagous",Maeigaon (T3 Dark) ,1,4,9,4,8,4,SSII-13,FALSE
Johanna,13,Priestess,"Nuclear, Heal",,,Nuclear,Dark,,,,,Icon,"+2 AGI, +1 MAG, +4 Knowledge","The Illusory Popess (Nuclear, Heal) – Once per day, when you go over your Buildup Counter threshold, you can choose one target other than yourself that would take Nuclear damage. Instead, that target gains Fortify <All> against the next instance of damage equal to the damage they would have taken. This is not a Buff effect. ","Atomize: One target within 6 meters. On hit: AGId12 (45) Nuclear damage. 
Mafreila: Any number of targets. On hit: 7d6 (24) Nuclear damage. 
Sacred Rally: One target within 6 meters. Restore HP to that target equal to 20% (72) of Johanna's max HP. If this healing exceeds the target's max HP, it gains +2 TEC, +2 AGI for 3 rounds. This is a Buff effect that stacks with Decisive Defense, but not other Buff effects. ","Decisive Defense (P): When combat starts, Johanna and all Shadows in combat gain the effects of Rakukajamon (Fortify Physical and Elements +8) for 3 rounds, and Johanna removes all Buff effects from Users in combat. This triggers after all other automatic effects in this combat. ",Friendly,Diaraja (T3 Heal),1,7,6,7,6,4,SSV-18,FALSE
Seth,13,Tower,"Physical, Buff",,"Fire, Thunder",,,,,,"Light, PSY",Shadow,"+1 MAG, +1 TEC, +1 AGI, +1 VIT","Envy – You can lower all of one ally’s Social Skills Tiers by 1 to increase one of yours by 2 until the end of the current Scene, once per day.","Thunderstorm: Up to 1d6 targets within 9 meters. On hit: 8d6 (28) Thunder damage. Shocked chance: 25%
Vortex: Seth chooses a point within 10 meters. On hit: 8d6-8 (20/30) Wind damage. All enemies within 8 meters are dragged up to 5 meters towards the chosen point. If the chosen point is occupied by a unit, it suffers Knockdown. HDC+3","Wind of the Desert (P): Upon hitting a target, Seth may push it up to TEC meters in any direction.
Elemental Adept (P): Seth can substitute the damage of any of its Thunder or Wind spells by Thunder, Wind or Fire.
Wind Amp (P): Wind spells Seth casts deal 50% more damage.
Cruel Impulse (P): Critical Margin +1 Flying (P): Seth’s movement allowance is 2AGI in any direction.","Noble, Aggressive",Garudyne (T3 Wind),1,8,6,6,6,2,C-239,FALSE
Surt,13,Magician,"Physical, Fire",,Fire,PSY,,,,,Ice,Shadow,"+2 VIT, +1 STR, +1 TEC",Ragnarök – All Fire spells you cast can receive the Realized category.,"Laevateinn: One adjacent target. On hit: 8d8+4 (40) Physical damage. Replaces Surt’s basic attack.
Ragnarök: Any number of targets. On hit: 8d4 (20) Fire damage. Spend 1 Luck Charge to add 10 points of Fire damage. ","Heroic Gemini (P): Surt has a 20% chance to attack with Laevateinn against any number of targets hit by Ragnarök as its Interrupt action.
Counterattack (P): 30% chance to retaliate against a basic attack or Physical spell with Laevateinn.","Aggressive, Chaotic",Agneyastra (T3 Physical),8,8,6,1,10,4,C-240,FALSE
Yatsufusa,13,Hanged Man,"Fire, Buff",Fire,Wind,Light,Nuclear,,,,,Shadow,"+2 MAG, +1 AGI, +4 Empathy",Innocent Sacrifice – You can choose to take half the damage one ally would take from an attack to gain +1 DDC until the start of your next turn. This is an Interrupt action.,"Maragion: Any number of targets Yatsufusa can see. On hit: 7d4 (17) Fire damage.
Innocent Embers: 1 target Yatsufusa can see. HDC+1. On hit: 7d4+7 (24/30) Fire damage.
Carried by the Winds: One ally receives +1 HDC and +1 DDC until the end of Yatsufusa’s next turn","Torrential Link (P): Any attack Yatsufusa casts outside of its turn deals 25% more damage.
Blazing Link (P): Whenever an ally declares a basic attack or Physical spell, Yatsufusa can cast Innocent Embers against the caster as an Interrupt action.","Chaotic, Snobbish",Auto-Sukukajamon (T2 Buff) ,1,7,6,7,5,4,C-242,FALSE
Arcana Fortune,14,Fortune,"Wind, Status",,,,,,,,,Tyrant,,"Arcana of Impatience – As long as Arcana Fortune is in combat, Shadows in combat can trigger the effect of Luck Charges without spending Luck Charges. ","Garudyne: One target within 10 meters. Critical Margin +1. On hit: 9d12 (58) Wind damage. 
Vile Breath: All units in combat suffer the following effect: 10% more chance to suffer any Status effect, and their LCK is halved to avoid a Status effect. This is a Debuff effect that lasts for 3 rounds. ","Wheel of Fortune (P): At the start of each round roll 1d6 and apply the appropriate effect listed below. If Arcana Strength is defeated, or if Arcana Fortune's HP is 125 or lower, roll 1d4 instead.  
1. All Users in combat. On hit: 9d6 (31) PSY damage.
2. All Users in combat: 25+5TEC% (65) Fearful chance.
3. The User in combat with the lowest current HP enters Death's Door (this is an Almighty Type Death Category effect).
4. All Shadows in combat. On hit: 9d6 (31) Almighty damage.
5. All Shadows in combat: 15+5TEC% (55%) Poisoned chance.
6. Arcana Fortune takes double damage from all sources until the end of its next turn.",,,1,9,8,7,4,2,SSVI-51,FALSE
Arcana Strength,14,Strength,"Physical, Status",,,,,,,,,Tyrant,,"Arcana of Cowardice - As long as Arcana Strength is in combat, whenever a User must spend Counters, Aspect Points or Energy to trigger an effect or cast a spell, they must spend 1d4 more of that resource. If they cannot afford this cost, they still spend the required action for this round, but nothing happens. ","Heat Wave: All users in combat. On hit: 7d6 (24) Physical damage.
Eerie Sound: Up to three Users in combat. 20+5TEC% (60%) Stunned chance.
Vile Assault: One target within 6 meters. On hit: 7d10 (38) Physical damage. Critical Margin +2 against Users under Status effects.","Shield of Blind Loyalty (P): When combat starts, Arcana Strength creates a shield around Arcana Fortune. This shield is a Condition that grants Arcana Fortune the following effect: Target gains Null All, and Null Almighty. Target cannot declare any actions outside of movement and activating Wheel of Fortune. This Condition cannot be removed by any means. When Arcana Strength’s HP is reduced to 50% (325) or less, this effect is automatically removed.  ",,,7,1,8,1,11,2,SSVI-52,FALSE
Armaiti,14,Aeon,"PSY, Fire",,,,"Ice, Fire",,,,,Shadow,"+1 TEC, +2 AGI",Beneficent Devotion – You gain Fortify All +VIT for attacks declared by targets suffering from any Ingrained Status effect.,"Laplace Curse: Remove 1 Blaze Counter and one Oceanic Counter from one target. Inflict -2 STR, -2 MAG, -2 TEC, -2 AGI, Fortify All -12 for 5 rounds. This is considered a Debuff effect.
Fire from the Skies: One target within 8 meters. On hit: 5d10+15 (42) Fire damage and adds one Blaze Counter to the target.
Blast from the Depths: Up to 3 targets within 8 meters. On hit: 5d6 (17) Ice damage and adds 1 Oceanic Counter to each target hit.",,Noble,PSY Amp (T3 PSY),7,1,5,9,6,2,C-245,FALSE
Chemtrail,14,Emperor,"Fire, Nuclear, Status",,,"Light, Status",Dark,,,,Wind,Shadow,"+2 MAG, +2 AGI","Emergency Exhaust – Whenever you cast a Status spell, all adjacent units to you have the same chance to suffer that Status ","Mercury Trail: 15+5TEC% (50%) chance to cause the Toxic Status effect. 
Pulverizing Run: Any number of targets. On hit: 7d6 (24) Fire damage. If the target is Toxic, this attack has a 100% chance to cause Stunned. 
Population Control: One target within 8 meters. On hit: 7d10 (38) Nuclear damage. Removes the Toxic Status from all units suffering from it. For each Status removed this way, this attack deals 1d10 extra Nuclear damage. ",Airborne (P): Toxic is considered a Misc Status effect that can be cured by the same effects that cure Poison. ,Noble,Nuclear Amp (T3 Nuclear),1,7,7,8,6,2,SSII-15,FALSE
Cthulhu,14,Devil,"Physical, Ice, Status",Ice,Dark,,Physical,,,,Status,Shadow,"+2 STR, +1 VIT, +4 Knowledge","The Call – Once your HP drops below 1, apply all Debuff and Status effects applied to you before this to up to 3 targets within 5 meters. ","Tentacle: 1 target within 7 meters. On hit: 8d10 (44) Physical damage and TEC*5% (35%) Shocked chance. 
Octopacy Fist: 1 target within 7 meters. HDC -2. On hit: 8d8 Physical damage and deals a guaranteed Critical Hit. 
Dark Baptism (Debuff): Up to 1d4 targets Cthulhu can see cannot cast or be affected by Heal and Defense Type spells for 1d4-1 round(s). 
Maelstrom: Any number of targets. On hit: 4d4 Ice damage, plus 1d4 for each target hit. ",,"Insane, Anthropophagous","1x Sword of Page, 1x Cup of Knight, 1x Coin of Queen (Consumables)",8,4,7,2,7,2,SSI-25,FALSE
Virtue,14,Justice,"Physical, Light, Heal",,,"Thunder, Nuclear",,,,,Dark,Shadow,"+1 STR, +1 MAG, +1 LCK, +4 Knowledge","Intangible – Once per day, you may choose to Null any attack declared against you, as an Interrupt action, but you cannot perform any other actions until the end of your next turn.","Blades of Heaven: One target within 3 meters. On hit: 7d10+2 (40) Physical damage.
Samsara: Any number of targets loses 35% of their current HP, Light damage.
Diarahan: Fully restores one target’s HP.",Survive Darkness (P): Dark Type spells reduce Virtue’s to 1 HP instead of killing it.,Noble,Diaraja (T3 Heal),7,7,8,5,6,4,C-248,FALSE
Chernobog,14,Death,"Physical, Heal, Status",Ice,Dark,,,,,,"Fire, Light",Shadow,"+1 STR, +1 MAG, +1 TEC, +4 Knowledge","Shadow God – Once per session, upon casting a Heal spell, you may deal damage equal to the HP recovered by 1 target to any other target you can see as Dark damage.","Explosive Spores: All targets within 5 meters. On hit: 7d4 (17) Physical damage and 20% Stunned chance, +5% for each hit check point rolled above each target’s dodge roll.
Cull: 1 target within 4 meters. On hit: 7d8+5 (36) Physical damage.
Desolate Land: Any number of targets within 4 meters lose 1d4 Energy, no dodge check. Chernobog heals 1d8 HP per target hit.",Death’s Scythe (P): Deals 25% more damage against any target suffering from Status effects.,"Insane, Noble",Gigantic Fist (T3 Physical),7,5,9,3,4,2,C-249,FALSE
Dionysius,14,Fool,"Fire, Buff, Debuff",,Thunder,,"Light, Dark, Nuclear",,,,,Shadow,"+2 MAG, +2 LCK","Celebrate – At the end of each combat, you can sacrifice half your maximum Energy to heal up to 50% of your maximum HP.","Raise Your Glasses: All combatants gain 1 Alcohol Counter. The first time this spell is cast in combat, it’s considered a free action.
Flambé: Remove any amount of Alcohol Counters from combat to deal 1d8 Fire damage per counter against any number of targets.
Inebriate: For all Shadows: +1 STR, +1 TEC. For Users: -1 MAG, -1 AGI, per counter, for 3 rounds.","Thermopylae (P): If this Shadow is the last enemy alive in combat, it gains an extra turn immediately and +3 MAG, +3 TEC, +3 AGI until the end of combat.","Friendly, Childish",Maragidyne (T3 Fire),1,8,4,8,5,6,C-250,FALSE
Gabriel,14,Temperance,"Ice, Thunder, Light","Light, PSY",,,,,,,,Shadow,"+4 Knowledge, +4 Discipline, +1 TEC, +1 LCK","Holy Ghost – You can send a spoken message, up to a minute long, to any User or Users in the Metaverse, even if you’re not aware of their presence.","Divine Judgement: 1 target loses 70% of their current HP, Light damage.
Bufula: 1 target within 8 meters. On hit: 7d10+2 (40) Ice damage.
Zionga: 1 target within 10 meters. On hit: 7d8+5 (32) Thunder damage, 42% Shocked chance.",Holy Touch (P): +2 TEC against adjacent targets.,"Snobbish, Insane",Ha Hamaon (T3 Light),3,7,8,6,6,5,C-247,FALSE
Jinn,14,Magician,"Fire, Status",Fire,,,,,,,Thunder,Shadow,"+2 MAG, +2 VIT",Covet – Spend 1 Aspect Point to copy the Natural Skill of any other Persona or Shadow-Class User from your party until the end of the current Scene. It replaces your Active Persona’s Natural Skill.,"Agidyne: 1 target within 8 meters. On hit: 9d8 (40) Fire damage.
Tentarafoo: Any number of targets within 6 meters. 20+5TEC% (55%) Panicked chance. 
",,"Noble, Aggressive",Enchanting Allure (T3 Status),1,9,7,2,9,2,C-251,FALSE
Kumbhanda,14,Hermit,"Physical, Debuff",,,Fire,Dark,,,,Ice,Shadow,"+1 STR, +1 TEC, +1 VIT, +4 Discipline","Servant of the Heavenly Kings – You may drain X Energy points from any number of allies, with their consent, and redistribute the drained amount between all allies in any proportion.","Vorpal Blade: Any number of targets. On hit: 7d6-2 (22) Physical damage.
Marakundamon: Any number of targets: Fortify Physical -8, Fortify Elements -8 for 3 rounds.",Regenerate (P): Kumbhanda heals 5VIT (35) HP at the start of each of its rounds.,"Anthropophagous, Chaotic","Navas Nebula (T3 Phys.)",7,1,7,6,7,2,C-251,FALSE
Miroku-α,14,Chariot,Almighty,,,Light,Ice,,,,Gun,Alpha,"+1 LCK, +1 VIT, +8 Knowledge","Light from a Different Time – If you receive a Revive effect, remove all Debuff and Status effects from any number of targets, and remove all Buff effects from all Shadows in combat. ","5.67 Billion Hands: At the start of combat, all Users take 10 Almighty damage, no check. At the start of each round after the first, increase this damage by 10 and apply it again. 
Enlightenment: Until the end of the next turn: Miroku-α gains Drain Gun and Fire. If Miroku-α drains Gun or Fire Type damage, he gains 2 Samsara Counters for each instance of damage. If Miroku-α does not take Gun or Fire damage until this effect wears off, it loses 2 Samsara Counters. 
Detachment: Miroku-α can spend 10 Samsara Counters to instantly kill all units in combat except itself. This is considered an Almighty Type Death Category effect. ",,Insane,Ma Astradyne (T3 Almighty),1,1,1,9,11,10,SSIV-19,FALSE
Mot,14,Death,"Dark, Status, Intel",,,,Physical,,,,"Wind, Nuclear",Shadow,+2 MAG +1 AGI +4 Knowledge,"Destroying and Being Destroyed – Each time you slay a target, gain +2 MAG, +2 TEC, -2 AGI for 3 turns and reduce your current HP by 15. This is a Buff effect.","Megidolaon: One target within 16 meters and all targets within a 6-meter radius of that target, including allies. On hit: 7d8 (32) Almighty damage.
Mudoon: One target whose HP is below 50% dies immediately.
Terrifying Visage: Any number of targets within 12 meters have a 55% chance to be inflicted with Fearful.
Illusory Terrain: An empty space Mot can see: Distort a section of the scenery up to 3 spaces in any configuration. Targets completely obscured by terrain cannot be chosen as targets for attacks.",Impure Reach (P): Doubles the effective range of all spells cast by Mot.,Insane,"Dark Amp (T3 Dark)
",3,7,6,7,7,2,C-248,FALSE
Mother Harlot,14,Empress,"Ice, Dark, Debuff",,,Dark,Intel,,,,Light,Shadow,"+2 VIT, +1 MAG, +1 TEC","Seven Realms – At the start of each combat, choose an ally: Your iniative becomes that target’s +1.","Roma: One target within 10 meters. On hit: 9d4-9 (14) Ice damage. Performs up to seven attacks per round.
Mamudoon: Any number of targets whose HP are below 30% die instantly.
Marakundamon: All Users suffer Fortify Physical, Elements -8 for 3 rounds.","Kiss of Salome (P): All attacks declared by this Shadow have a 10% chance to cause a random Status effect (roll 1d6): 1: Fearful; 2: Panicked; 3: Shocked; 4: Poisoned; 5: Charmed; 6: Stunned.
Seven Heads (P): Each hit that deals 50 or more damage against Mother Harlot in a single strike tears off one of its heads, removing one attack from Roma.","Flirty, Aggressive","Haeigaon (T3 Dark)",6,9,7,1,10,2,C-247,FALSE
Oumitsunu,14,Chariot,"Physical, Intel",,,,,,,,Wind,Shadow,"+2 VIT, +1 STR, +1 TEC","Kunibiki – Once per combat, you can move a Non-Tyrant Shadow towards you for the same distance as your Movement Allowance, as your movement action. All modifiers to your Movement Allowance apply.","Aeon Rain: Up to 3 targets within 4 meters. On hit: 7d4-2 (19) Gun damage.
Veins of the Martyr: Oumitsunu can transfer any damage dealt to another target to itself as an Interrupt action.
Massive Aspect: Any number of targets Oumitsunu can see. On hit: DDC-1 for 1 round and 20+5TEC% (55%) Fearful chance.",Titanic (P): Oumitsunu’s STR cannot be lowered. Oumitsunu cannot dodge attacks.,Chaotic,The Other Cheek (T3 Misc.),9,1,7,1,10,2,C-250,FALSE
Sui-Ki,14,Moon,"Ice, Intel, Buff",Ice,,,,Fire,,,Status,Shadow,"+2 AGI, +1 MAG, +1 TEC","Freeze – Once per day, you may spend 1 Aspect Point: Until the end of the scene, you can freeze liquids within TEC meters of your position and, in combat, all your attacks have a 10% chance to inflict Slowed on hit.","Stalactite: 1 target within 5 meters. On hit: 8d6+4 (32) Ice damage. The target cannot use the last spell it used before being hit for 3 rounds.
Rakukajamon: Sui-Ki Gains Fortify Physical +12 and Fortify Elements +12
Frozen Dust: 1 target suffers -1 HDC for 3 rounds.",,"Aggressive, Snobbish","Marakukaja (T3 Buff)",1,7,7,8,5,2,C-246,FALSE
Takaya & Hypnos,14,Fortune,,,Dark,,Light,,,,,User,,In The Moment – Takaya receives half the effect of Debuff spells and takes half damage from the Poisoned Status.,"Cripple: One target within 8 meters. Hit: MAGd6 (28) Gun damage and target cannot take movement actions until the end of Takaya’s next turn (in the following round). 
Topple: One adjacent target. Hit: STRd6 (7) Physical damage. If the target is under Cripple’s secondary effect, target suffers Knockdown and the next hit against the target is a guaranteed Critical Hit. 
Destiny Gale: Up to 2 targets Takaya can see. HDC +1. On hit: MAGd4 (20) Wind damage and targets are moved individually up to 2TEC (12) meters in any direction. 
Final Shot: Any number of targets in a 10 meters long straight line in front of Takaya. HDC +1. On hit: MAGd10 (44) Almighty damage. If this attack is a Critical Hit, it deals 3x the rolled damage instead of 2x. If Takaya uses Final Shot, he cannot use it again for 1d4+1 rounds.  ",01A056 (P): Takaya can perform his full turn twice per round. Takaya’s movement allowance is always treated as 10AGI (20) meters per turn. ,,"Idas (Firearm, 3 RP)",2,10,6,2,7,6,SSI-17,FALSE
Odysseus,14,Hanged Man,"Wind, Intel, Heal",,,"Wind, Thunder",,,,,Fire,Icon,"+2 TEC, +2 AGI","The Grand Journey (Wind, Intel): You can grant one attack or spell you declare -1 HDC to also grant it +1 SKL during damage calculation, as a free action. This is not a Buff effect. ","Illuzone: One target within TEC (10) meters who's under the Tactical Asset Condition. Remove the Condition from that target, and that target suffers -1 HDC. This is considered a Debuff effect, and lasts for a number of rounds equal to the number of Tactical Assets remaining in combat after this spell was cast. 
Maha Garu: Up to three targets in combat. +1 HDC. On hit: 6d8 (27) Wind damage. If this spell deals damage to a Tactical Asset, Odysseus can use a Quick action to cast Maha Garu against Tactical Assets again this round. 
War Efforts: One target within 6 meters must roll on a Courage (8) check that cannot be boosted by Luck Charges. On failing, Odysseus can use one non-Special consumable from the target's inventory. This item is removed from the target's inventory. On a success, nothing happens. If the target is a Tactical Asset, this check's difficulty increases to 10. ","Ninety-Nine Needles (P): At the start of each round, all Users must roll to dodge against Odysseus's TECd6. On failing, they take 6d6 (21) Intel Type damage and suffer the Tactical Asset Condition until the end of this round. On a success, they take half damage and do not suffer the Condition. Targets whose Interaction with Intel is not Weak or Neutral do not suffer this Condition regardless of their roll. ",,"Analysis Pulse (T3 Intel)",1,6,10,8,3,2,SSV-21,FALSE
Valjean,14,Heirophant,"Physical, Almighty",,,,,,,,,Icon,"+2 STR, +2 TEC","Shattered Chains of Law (Physical, Almighty): When you cast an Almighty spell, you can choose to Repress it to calculate damage for that spell with STR instead of MAG. ","Triple Down: Up to three targets within 5 meters. On hit: 9d8 (40) Physical damage. If two targets were chosen, this spell deals 50% more damage. If one target was chosen, this spell deals 100% more damage. 
Meteor Shower: One target within 9 meters. On hit: 9d10 (49) Almighty damage. If this spell deals damage, spawn one Starborne Bullet adjacent to Valjean. This is a cognitive object. Whenever Meteor Shower is cast, all Star-borne Bullets in combat can move up to TEC (9) meters in any direction and deal 2STR (18) Almighty damage to any number of units it becomes adjacent to, no check. ","Punished Soul (P): Valjean cannot roll to dodge attacks, but takes half damage from all instances of damage.",,"Death Chain (T3 Physical)",9,1,9,1,9,2,SSV-20,FALSE
Zouchouten,14,Strength,"Physical, Thunder",,,,Physical,,,,"Wind, PSY",Shadow,"+1 STR, +1 MAG, +4 Discipline, +4 Courage",Virudhaka – Movement Allowance +3.,"Path of Blades: Any number of targets Zochouten becomes adjacent during its movement. On hit: 8d4 (20) Physical damage.
Mazionga: Any number of targets. On hit: 8d4-5 (15) Thunder damage and 25% Shocked chance.","Celerity Master (P): As long as Zochouten is alive, it and all its allies gain +2 TEC, +2 AGI
Sharp Student (P): Critical Margin -1 for all attacks declared against Zochouten.","Friendly, Snobbish",Vorpal Blade (T3 Phys.),8,8,5,3,3,4,C-249,FALSE
Cerberus,15,Heirophant,Fire,Fire,,,Intel,,,,Ice,Shadow,"+3 MAG, +1 TEC, +1 AGI",Infernal Guardian – Grants Critical Margin +1 for spells with the Multi Category.,"Rage of Cerberus: Up to 3 targets within 7 meters. On hit: 9d4+6 (28/40) Fire damage. Critical Margin +1, 25% chance to inflict Burned.","Hellfire (P): All of Cerberus’s attacks have a 25% chance to inflict Burned, a Miscellaneous Status that reduces the target’s AGI, TEC and all Social Skill Tiers by 2 and can be removed by any HP restoring effect. This Status’ natural healing chance is 33%.
Fire Amp (P): Fire spells cast by Cerberus deal 50% more damage.","Chaotic, Noble",Fire Amp (T3 Fire) ,4,9,9,5,5,2,C-255,FALSE
Chilled King Frost,15,Emperor,"Ice, Wind",Ice,,,Thunder,,,,Wind,Shadow,,"Frosted King – For each AC Unit whose HP is above 0, King Frost reduces all damage it takes by 15%. This is not a Buff effect and cannot be dispelled. Chilled King Frost cannot be moved from its position by any means. Chilled King Frost performs two turns per round. ","Gust: All targets in spaces highlighted in blue on the map, except Chilled King Frost. On hit: 15d6 (52) Wind damage and targets are pushed south in a straight line until they hit a pillar or the walls of the warehouse. 
Repair Orders: King Frost summons a band of handy Jack Frosts to repair 1d4 AC Units. At the start of the next round, each unit recovers 1d10% of their max HP. If Users attacks those units before the HP recovery activates, the effect is canceled and King Frost's MAG is reduced by 1 for the rest of this round for each AC Unit under repair attacked this way. 
Sub Zer-hoo: One target Chilled King Frost can see. On hit: 15d10 (82) Ice damage and 9TEC% (81%) Slowed chance. ","Feel The Chill (P): All spells cast by Users have their maximum range halved as long as Chilled King Frost remains in combat. Spells with a range of ""targets the caster can see"" have their ranges set to ""targets within 5 meters"" instead. The movement allowance of all Users in this combat is halved. These penalties stack with similar effects. ",,,4,15,9,1,10,2,SSIV-30,FALSE
Executioner,15,--,,,,,"Physical, Thunder",,,,,Human,,,Tear: One adjacent target. On hit: STRd12+STR Physical damage or MAGd12+MAG (45) Thunder damage.  ,"Madman’s Rush (P): At the start of each of his turns, if there are no Users adjacent to Executioner, he gains +10 movement allowance for this turn. 
Rip (P): If Executioner puts a target in Death’s Door, he gets an extra turn this round. ",Insane,,7,7,9,1,8,2,SSII-17,FALSE
Fafnir,15,Tower,"Physical, Status, Buff",,,,"Physical, Ice, Thunder",,,,"Fire, Wind",Shadow,"+3 STR, +1 TEC, +1 VIT","Hoarding Emblem – During the first day of each week, when your RP is calculated, grants +X to a Social Skill Tier, where X is the amount of leftover RP from the previous week (Max. 4). This effect lasts for the whole day. ","Putrid Breath: Any number of targets. Poisoned chance: 20+5TEC% (60%). 
Covetous Serpent: 1 target within 8 meters. On hit: STRd6+X (31/42) Physical damage, where X is the total RP value of all items equipped by the target. For this effect, consider Special items as costing 10 RP. ","Auto-Tarukajaou (P): Grants STR +3, MAG +3 during the first 3 rounds of combat. ","Insane, Snobbish","Agneyastra (T3 Physical)",9,1,8,3,8,1,C-315,FALSE
Frost Troopers,15,Emperor,,Ice,,,,,,,Fire,Minion,,,Basic Attack: One adjacent target: 6d4+6 (21) Physical damage.,,,,6,3,6,3,6,3,C-256,FALSE
Great Father Nyarlathotep,15,Hanged Man,"Physical, PSY, Status",,,,,,,,,Shadow,"+2 TEC, +2 AGI, +1 LCK","Chaotic Vortex – Once per combat, you can re-roll a hit, dodge or damage roll you perform, but you must keep the second result. Alternatively, you can spend 1 Aspect Point to force one Shadow within TEC meters to re-roll a hit, dodge or damage roll they performed (they're forced to keep the second result). ","Reprimand: Great Father Nyarlathotep materializes one Shadow into combat that takes the form of a friend or ally of the party. This Shadow has 1 HP and cannot dodge attacks. If this Shadow is attacked, it automatically deals 50% of the attacker's current HP as PSY damage, no dodge check, and disappears. If it's not attacked until the end of Great Father Nyarlathotep's next turn, it then explodes, dealing 20% of each User's current HP as PSY damage, no dodge check. 
Strife and Scars: One target Great Father Nyarlathotep can see. On hit: The target is forced to perform a basic attack against another User in combat for no action cost. 
Resent: Any number of targets Great Father Nyarlathotep can see. 15+5TEC% (55%) Enraged chance. Targets who do not suffer Enraged from this attack have a 20+5TEC% (60%) chance to suffer Charmed. ","Otherworldly Force (P): Great Father Nyarlathotep takes half damage from all attacks (this is applied last in damage calculation). If Great Father Nyarlathotep takes a Critical Hit from a User, it can use its Interrupt action to swap its own STR and MAG scores with the target's scores for 3 rounds. This is considered a Debuff effect. ",Insane,Silver Key: A large metal key that’s extremely hot to the touch.,2,2,8,8,8,4,SSIV-26,FALSE
Hresvelgr,15,Aeon,"Nuclear, Wind",,Wind,,,,,,Gun,Shadow,"+2 AGI, +2 VIT, +1 LCK",The Greatest of Storms – All Wind spells you cast can be Realized.,"Nuclear Wall: Hresvelgr creates a 5-meters-wide wall starting in a position adjacent to it. Any target that passes by this wall, or starts or ends its turn in a space this wall also occupies, takes 2d8 (9) Nuclear damage, no dodge.
Wing Flap: Up to 3 targets within 8 meters. During this spell’s casting, Hresvelgr can move the Nuclear Wall up to AGI (9) meters in any direction, replacing its movement action. On hit: 10d6+5 (40) Wind damage.","Soul-Gorging Bird (P): Each time a Shadow is defeated, Hresvelgr gains +3 STR, +3 MAG, +3 TEC, +3 AGI, +3 VIT, +3 LCK. This is not considered a Buff effect.","Aggressive, Chaotic","Gamma Growth (T5 Nuclear)",4,10,4,9,3,6,C-259,FALSE
Parvati,15,Lovers,"Thunder, Light, Heal",,Ice,,"Wind, Light",,,,Fire,Shadow,"+1 MAG, +2 TEC, +4 Charm, +4 Empathy",Blazing Return – Entering Death’s Door does not trigger any loss of Energy.,"Prayer Circle: Creates a 4-meter radius area around Parvati that lasts for 3 rounds. At the start of each round, Shadows within this area are healed for up to 25% of their maximum HP.
Cleanse the Temple (Light): Any number of targets within Prayer Circle lose 20+3TEC% (47%) of their current HP.
Ziodyne: 1 target within 8 meters. On hit: 8d8 (36) Thunder damage and 8MAG% (64%) Shocked chance.","Return from Yomi (P): If Parvati’s HP is below 25% at the start of her turn, she has a 50% chance to heal 100 HP.","Friendly, Childish",Ha Ziodyne (T3 Thunder),1,8,9,5,6,2,C-255,FALSE
Kanna & Thanatos-α - LV15,15,--,"Thunder, Nuclear, Dark",,,,"Physical, Light, Dark",,,,,User,,"Facsimile – Kanna has Hetelic Resistances, but no access to Hetelic Actions. Kanna starts each combat with four Aspect Points. When Kanna enters combat, choose one of her Levels and use the appropriate Combat Skills and spells. ","Universal Aspect: As an Interrupt action, Kanna can spend 1 Aspect Point to immediately gain a second turn, once per Round. 
Negotiate: Kanna can start negotiation with any User she can see as a Standard action. Consider all her Skill Tiers as 4 for this negotiation. On a success, the target loses up to 1d4 Aspect Points and Kanna gains the amount lost. 
Arcana-Touched: Starting from Level 10, Kanna can spend 2 Aspect Points to activate any Arcana Spread currently available to the party as a standard action. This spends the use of that Arcana for the party.  
Cursed Zio: One target within 8 meters. On hit: MAGd12 (58) Thunder damage. At the start of Kanna’s next turn, for no action cost: Burst: 2MAG (18) Thunder damage. 
Hysteric Haeiha: Up to 3 targets within 6 meters. On hit: MAGd8 (40) Dark damage and 30% Shocked chance. 
Echoing Reset: This spell is only available if Kanna is Level 10 or higher. Removes all Buff effects from any number of Users, and all Debuff effects from Kanna. 
Mass Destruction: This spell is only available if Kanna is Level 15 or higher. All combatants except Kanna. On hit: MAGd6 (31) Nuclear damage. Every time this spell is cast, increase its damage dice category by 1 for all subsequent casts (Max. d10)",,,,5,9,8,6,6,2,SSIV-9,FALSE
King Frost,15,Emperor,"Ice, Intel","Ice, Nuclear",,"Light, PSY",,,,,,Shadow,"+3 MAG, +1 TEC, +1 VIT","King of Frost – Grants +1 MAG to you for each of your allies whose active Persona's name includes ""Frost"" or ""Jack"" (this is a Buff effect).","Nifl-heee! One target within 10 meters. On hit: 13d12 (85/127) Ice damage.
Ice Walls: Creates ice pillars in up to 4 empty spaces chosen by King Frost. Targets hidden behind these pillars cannot be declared as targets for any attacks. These walls have 50 HP and Weakness to Fire.
Summon Hee-inforcements: Add 1 Frost Trooper to combat, its initiative is equal to King Frost’s iniative -1.",Frozen Soul (P): Spells cast by King Frost deal 50% more damage and inflict -1d4 Energy on hit.,"Childish, Noble",Bufudyne (T3 Ice),1,13,7,1,7,2,C-256,FALSE
Koumokuten,15,Hermit,"Physical, Buff",,,,"Physical, Light",,,,Ice,Shadow,"+2 STR, +1 AGI, +4 Courage, +4 Discipline",Guardian of the West – You always know the exact amount and approximate location of all combatants and can declare attacks against invisible targets with a -2 penalty to TEC.,Primal Strength: All targets between Koumokuten and a point within 8 meters. On hit: 8d6+3 (31) Physical damage and Knockdown.,"Attack Master (P): As long as Koumokuten is alive, it and all its allies gain +2 STR, +2 MAG","Friendly, Aggressive",Masukukaja (T3 Buff),8,1,6,7,7,2,C-254,FALSE
Dis,15,Magician,"Fire, Heal",,Fire,,,Ice,,,PSY,Shadow,"+3 MAG, +1 AGI, +1 LCK",Guide of Spirits – All your allies recover up to 10% HP when you defeat a Shadow in combat.,"Magma Walls: A straight line up to VIT (6) meters long and 3 meters high. This wall can occupy the same space as another character. If that happens, the character takes 10d6 (35) Fire damage, no dodge check. This wall can move before the start of Dis’s turn up to TEC (3) meters in any direction. This allows the wall to lose its straight shape, but it cannot be divided. This wall is dissipated with any damaging Ice attack is declared against it (this can be discovered by applying Analyzed to the wall).
Mediarama: All Shadows heal up to 10d8+20 (65) HP",,"Noble, Childish",Recarmdra (T3 Heal),1,10,3,8,6,4,C-258,FALSE
Mara,15,Tower,"Physical, Buff",Thunder,,,,,,,Ice,Tyrant,"+3 STR, +1 TEC, +1 VIT","Bigger Than Yours – Shadows whose iniative scores are lower than yours suffer -1 STR, -1 AGI during the first round of combat.","Hell Thrust: Declares 1d6 attacks against any targets within 3 meters (5 meters, if Mara is under the effects of Rock Hard). On hit: 6d4+2 (17) Physical damage (Gun) and 10% Charmed chance.
Rock Hard: Mara gains Fortify Physical & Elements +24 for 4 rounds. ","Impure Reach (P): Mara can double its movement allowance as long as it moves in a straight line.
Temptation (P): Can suffer the Enraged Status or cure itself from it as a free action. Enraged does not reduce its HDC.","Aggressive, Devilish","Three-Tailed Fox (Whip, 6 RP)",6,1,10,1,10,2,C-257,FALSE
Melchizedek,15,Justice,"Physical, Light",Light,,,Status,,,,"Wind, PSY",Shadow,"+3 STR, +1 TEC, +1 VIT",King Amongst Angels – Users adjacent to you gain a bonus to their AGI equal to the difference between your Empathy Tier and theirs. This is a Buff effect.,"Radiant Crown: One target Melchizedek can see suffers the Radiant Miscellaneous Status. This visually obvious Status can be removed by any Status removal effect or when Melchizedek is defeated.
Innocent Sin: One target within 4 meters. On hit: 9d8+4 (44) Physical damage and applies half the rolled damage as Light damage to all targets suffering from Radiant, no dodge check.",Cybernetic Body (P): Melchizedek is healed of all Status effects automatically at the end of its turn.,"Noble, Friendly",Vile Assault (T3 Phys.),9,1,7,4,8,2,C-254,FALSE
Quetzacoatl,15,Sun,"Wind, Light, Buff",,,Fire,Wind,,,,Status,Shadow,"+1 MAG, +2 TEC, +2 AGI","Usher the Dawn – If an ally is in Death’s Door when you defeat an enemy, that ally regains 1 Death’s Door counter, up to their maximum.","Garula: 1 target within 8 meters. HDC+1. On hit: 7d10 (39/48) Wind damage.
Mahama: Any number of targets loses 10+TEC% (18%) of their maximum HP.
Emperor of Venus: Quetzalcoatl gains +2 MAG, +2 TEC, and -2 AGI for 3 rounds.",Wind Boost (P): Wind Spells cast by this Shadow deal 25% more damage.,"Noble, Friendly",Ha Garudyne (T3 Wind),1,7,8,7,5,4,C-253,FALSE
Anahita,15,Priestess,"Ice, Nuclear, Heal",Ice,,Light,,,,,"Fire, Thunder",Shadow,"+3 MAG, +2 VIT","Spring of Purity – When casting a Mono Category Heal spell, you can choose an unoccupied space instead of a valid target. If you do, the spell's effect remains on that space for 3 rounds, and any User in that space can use a Quick action to receive the effects of that spell. This effect disappears once it's used. ",Hellish Spurt: Any number of targets Anahita can see. On hit: 9d6 (31) Ice damage and Anahita gains 1 Nuclear Counter for each target hit. ,"Solar Grace (P): At the start of every round, Anahita recovers 5 HP and gains Fortify All +3 for each Nuclear Counter on her. ","Noble, Friendly",Aquadyne (T3 Water),1,9,7,8,4,2,SSIII-24,FALSE
Demeter,15,Priestess,"Wind, Nuclear, Heal",,,"Light, Dark",,,,,Fire,Shadow,"+2 MAG, +2 TEC, +1 AGI","Seasons of Rebirth – At the start of combat, choose one Type you're not Weak against: You Resist that Type for the first 4 rounds. This is a Buff effect. ","Summer of Dreams: Removes all Debuff effects and all Status effects from any number of targets Demeter can see. 
Autumn of Peace: One target within 10 meters. On hit: 8d12 (52) Wind damage, plus 5 Wind damage for each meter of distance between Demeter and her target. 
Winter of Emptiness: All units within 5 meters, except Demeter. On hit: 8d6t (28) Nuclear damage and moves all targets so they're 6 meters away from Demeter. 
Eleusinian Spring: Can only be cast once per combat. Heal all Shadows to 100% HP, then give each of them a shield with HP equal to 30% of that Shadow's maximum HP. This shield takes any damage the Shadow would take, but this shield's HP cannot be restored. ",,"Friendly, Devilish",Mediaraja (T3 Heal),1,8,9,8,3,2,SSIV-18,FALSE
Taown,15,Hanged Man,"Physical, Buff",,,"Wind, Dark",,,"Physical, Gun",,"Fire, PSY, Light",Shadow,"+2 STR, +2 TEC, +1 AGI","Calamitous Soul – You cannot escape combat by rolling, but you gain Critical Margin +1 for the duration of combat for each character that escapes.","Agneyastra: Any number of targets within 8 meters. On hit: 8d4 (20) Physical damage and Knockdown Weakness.
Matarukajaou: Taown and all its allies gain +3 STR, +3 MAG for 3 rounds.",,Insane,Matarukaja (T3 Buff),8,1,8,8,4,2,C-253,FALSE
Trumpeter,15,Judgement,"Light, Debuff",,"Thunder, Light",,,,,,PSY,Shadow,"+1 MAG, +1 TEC, +2 VIT, +1 LCK","Voice of the Lamb – Your voice is always the clearest and easiest to identify in a crowd. In the Metaverse, your allies can hear you clearly as long as they’re within 1km of you.","Debilitate: One target Trumpeter can see suffers the effects of Tarundyne, Rakundyne, and Sukundyne. Trumpeter can cast this spell as a Quick action to apply instead he effects of Tarundaou, Sukundaou and Rakundaou.
Hamaon: One target loses 55% of its current HP as Light damage.
Megido: One target and all units adjacent to the target. On hit: 7d8 (32) Almighty damage.",,Insane,Masukunda (T3 Debuff),2,7,7,5,9,3,C-252,FALSE
Tzitzimitl,15,Priestess,"Fire, Ice, Wind",,Light,Dark,,,,,Wind,Shadow,"+4 Knowledge, +4 Charm, +4 Expression, +1 MAG, +1 AGI","Shards of Eclipse – When you declare an attack against a target inflicted with Fearful, bypass their dodge check.","Bufudyne: 1 target within 8 meters. On hit: 9d12 (58) Ice damage.
Ha Garudyne: 3 targets within 9 meters. On hit: MAGd6 (32) Wind. HDC+2
Maragidyne: Any number of targets. On hit: MAGd6 (32) Fire damage.
Megido: One target and units within 2 meters within 8 meters. On hit: 7d8 (32) Almighty damage.","Cosmic Instability (P): All Attacks declared by this Shadow have a 15% chance to inflict Fearful on hit.
Elemental Adept (P): Tzitzimitl may substitute the damage of any of her Non-Almighty attacks by Fire, Wind or Wind damage during casting.
Giant’s Breath (P): All spells with limited range gain +2 meters of range. Spells that hit adjacent targets now affect targets up to 2 meters away from the original target in all directions.",Devilish,Ice Amp (T3 Ice),2,9,7,5,7,2,C-252,FALSE
Ameno-Sagiri,16,Jester,"Fire, Ice, Wind, Thunder, Buff",,,"Light, Dark",,,,,,Tyrant,,"Specter in the Fog – Ameno-Sagiri is not affected by Knockdown, Fearful, Panicked and Stunned, and is immune to Ingrained Status effects. ","Suffocating Fog: Ameno-Sagiri gains +3 DDC, but cannot attack. This is considered a Buff effect. During the round its duration ends or when its removed by any effect, AmenoSagiri’s next action will be Nebula Oculus. 
Blinding Light: Ameno-Sagiri gains +1 HDC, but cannot cast spells that don’t deal damage. This is considered a Buff effect that cannot be removed by effects besides Bewildering Fog. 
Nebula Oculus: Can only be cast by the effect of Suffocating Fog. Before rolling for hit: Ameno-Sagiri gains the effect of Blinding Light. On hit: 9d6-6 (26) Almighty damage and 20% chance of Knockdown. 
Bewildering Fog: Can only be cast during Blinding Light. Removes the effects of Blinding Light and grants AmenoSagiri Suffocating Fog for 3 rounds.","Mankind’s Desires (P): During Suffocating Fog, AmenoSagiri has access to all Buff and Defense Type skills. Bewildering Fog: Can only be cast during Blinding Light.  Removes the effects of Blinding Light and grants AmenoSagiri Suffocating Fog for 3 rounds. 
Eye of the Storm (P): During Blinding Light, Ameno-Sagiri can cast Maragidyne, Bufudyne, Ha Garudyne and Maziodyne. ",,"Nihil Arm (Consumable, Special)",1,9,8,2,11,2,SSI-21,FALSE
Arcana Hanged Man,16,Hanged Man,"Physical, Buff, Almighty",,,,,,,,,Tyrant,,"Arcana of Selfishness – As a Quick Action, Arcana Hanged Man can heal itself of one Status or Debuff effect and apply that effect to any ""Statue"" Shadow. If it does, it gains +1 STR, +1 TEC, +1 AGI for 3 rounds. This is not a Buff effect. ","God's Hand: One target within 8 meters. 10d12 (65) Physical damage and 20% Knockdown chance. 
Armed and Ready: Arcana Hanged Man targets one ""Statue"" Shadow and slays it immediately, then cast the following spell: All Users in combat. HDC +1. On hit: 10d6 (35) Almighty damage. 
What's Yours is Mine: One User under a Buff effect. Remove that Buff from the target and apply that Buff to all ""Statue"" Shadows in combat. ","Shield of Midnight (P): When combat starts, Arcana Hanged Man summons one of each Left Statue, Center Statue and Right Statue into combat. They roll for initiative individually. As long as any of these ""Statue"" Shadows are alive, Arcana Hanged Man cannot be chosen as a target for attacks or spells. This includes damage that denotes spaces or adjacent targets. 
Collapse of the Selfish (P): When all ""Statue"" Shadows are defeated, Arcana Hanged Man falls to the ground and automatically suffers the Knocked Down Status. After 1d4 rounds, Arcana Hanged Man casts Summon as a Default action. ",,,10,1,10,1,9,1,SSVI-53,FALSE
Center Statue,16,Hanged Man,,,,Ice,,,,,,Minion,,,Bufudyne: One target within 6 meters. On hit: 8d12 (52) Ice damage.,,,,1,8,8,5,5,2,SSVI-54,FALSE
Dominion,16,Justice,"Thunder, Light",,Light,Thunder,,,,,"Wind, PSY, Dark",Shadow,"+1 MAG, +1 TEC, +1 AGI, +1 VIT, +4 Expression",Second Sphere – The next attack an ally declares against a target you’ve hit this round deals 20% more damage.  ,"Ziodyne: One target within 10 meters. On hit: 7d10 (38) Thunder damage and 56% Shocked chance. 
Divine Judgement: One target loses 55% (65%) of its HP as Light damage.  ","Light Amp (P): Light spells deal 10% more damage. 
Sword IV (P): Dominion wields a Sword that costs up to 6 RP, replacing its basic attack. ","Snobbish, Aggressive",Equalize (T5 Light),1,7,7,7,7,4,C-265,FALSE
Frigid Wyrm,16,Death,,Ice,,,,,,,"Fire, Dark",Minion,,,"Gelid Choir: Increase one of Hel's Combat Skills by 1. This is not considered a Buff effect and lasts until Hel is defeated. 
Warding Frost: One target within 4 meters. On hit: 4d10 (22) Ice damage and 8TEC% (32%) Slowed chance. ",,,,4,4,4,8,4,2,SSII-19,FALSE
Hel,16,Death,"Ice, Buff",Dark,,Ice,,,,,Thunder,Shadow,"+1 MAG, +1 TEC, +1 AGI, +1 VIT, +1 LCK","The Ice Queen – Whenever you kill an enemy or a User enters Death's Door, you can spend your Interrupt action to copy all Buff effects on that unit to you, and set the remaining duration of those effects to 3 rounds. ","Underworld's Summons: Hel permanently decreases any of her Combat Skills by 2 to add one Frigid Wyrm to combat at the end of the initiative queue. 
Ymir's Breath: Up to three targets within 5 meters. On hit: 9d10 (49) Ice damage and 100% Stunned chance. 
Claws of Niflheim: One target within 6 meters. On hit: 9d12+2 (60) Ice damage. If the target is Neutral or Weak against Ice, they cannot declare movement actions until the end of Hel's next turn. ","Tyrant of Ice (P): When combat starts, Hel gains the effect of Tarukajyne (+4 STR, +4 MAG), Rakukajyne (+4 AGI, +4 TEC) or Sukukajyne (Fortify Physical/Elements +24), chosen by the Narrator. These last for 3 rounds. 
Infernal Retainers (P): When combat starts, two Frigid Wyrms are summoned into combat, placed at the end of the initiative queue. ",Snobbish,Auto-Rakukajaou (T5 Buff),1,9,9,5,6,2,SSII-19,FALSE
Kali,16,Empress,"Physical, Ice, Light",,"Status, PSY",Physical,,,,,,Shadow,"+1 STR, +1 MAG, +1 TEC, +4 Expression, +4 Discipline","Mistress of Death – Upon defeating an enemy, you gain Critical Margin +2 for your next attack. This is not a Buff effect.  ","Divine Slice: 1 target within 5 meters. On hit: Target loses 2TEC% (16%) of its health as Light damage and takes 2STR (16) Physical damage. 
Ha Bufudyne: Up to 3 targets within 7 meters. On hit: 8d8 (36) Ice damage. ",,Aggressive,Innocent Sin (T5 Light),8,8,8,2,4,2,C-263,FALSE
Michael,16,Judgement,"Wind, Thunder, Heal",,Light,,,,,,Physical,Shadow,"+1 STR, +1 MAG, +1 TEC, +1 AGI, +1 VIT",Lead the Charge – Grants Fortify All 2VIT (using your VIT score) to all allies during the first round of combat.  ,"Ha Diaraja: The caster and all its allies within 4 meters recover (7d10) * 3 (114) HP. 
Ha Garudyne: Up to 3 targets within 7 meters. On hit: 7d6 (24) Wind damage. HDC +2 
Thunderstruck: Any number of targets within 7 meters. On hit: 7d4 (18) Thunder damage and 35% Shocked chance.  ","Judgement Blades (P): Critical Margin +2 against targets suffering from Shocked. 
Spear VI (P): Michael wields any Polearm that costs 6 RP or less, replacing its basic attack.  ","Noble, Aggressive",Mediarahan (T5 Heal),6,7,7,6,7,6,C-262,FALSE
Bishamonten,16,Heirophant,"Physical, Intel, Heal",,,Physical,Light,,,,Ice,Shadow,"+2 STR, +2 TEC, +4 Courage","Guardian of the North – You may add your LCK score to your school yield check or add LCK/3 (minimum 1) to your amount of work blocks, once per week.  ","Disguise: Bishamonten takes the form of any other Shadow, and requires a Knowledge check (difficulty 7, or 6 if the User has the Intel type) to be revealed. Intel Users will be provided with the disguise’s info, not Bishamonten’s. 
Controlled Strike: 1 target within 6 meters. On hit: 8d10 (44) Physical damage. On Critical: Heals up to 50% of Bishamonten’s HP. ","Master of Defense (P): As long as Bishamonten remains alive, all Shadows gain Fortify Physical +12 and Fortify Elements +12.  ","Aggressive, Snobbish",Psycho Force (T5 PSY),8,2,7,4,6,6,C-263,FALSE
Kresnik,16,Aeon,"Physical, Ice, PSY",,,Dark,Physical,,,,"Intel, Nuclear",Shadow,"+8 Courage, +4 Knowledge, +1 STR, +1 VIT",Bloodline of Hunters - +1 HDC to hit and +2 SKL to damage calculation for all Whips you wield.,"Holy Water: 1 target within 6 meters. On hit: 6d10+15 (48) Ice damage and 15+5TEC% (50%) Slowed chance.
Vampire Killer: 1 target within 6 meters. Hit: 6d12 (39) PSY damage. Deals guaranteed Critical hits against Slowed targets.","Whip VI (P): Kresnik wields a Whip weapon that costs up to 6 RP. This replaces his basic attack and, while Kresnik wields it, its range is treated as 1-10 and it gains +3 Critical Margin. This weapon is granted to the Users when Kresnik is defeated.","Noble, Aggressive",Heavenly Blade (T5 Phys.),6,6,6,1,11,2,C-259,FALSE
Left Statue,16,Hanged Man,,,,Fire,,,,,,Minion,,,Agidyne: One target within 6 meters. On hit: 8d10 (44) Fire damage.,,,,1,8,8,5,5,2,SSVI-54,FALSE
Loki,16,Fool,"Ice, Intel",Ice,,,Nuclear,,,,Fire,Shadow,"+2 AGI, +1 LCK, +4 Expression, +4 Courage","What Else? – Expression Tier +2 for the purpose of lying, deception and misleading.  ","Bufudyne: 1 target within 8 meters: On hit: 8d10+6 (50) Ice damage. 
Face Your Fears: 1 target within 6 meters is forced to cast an attack against itself that deals SKLd6 (whichever damage skill is higher) Intel damage against itself. 
Uncover Weakness: 1 target you can see has all its elemental Interactions revealed to all Shadows in combat.  ","Liar’s Miracles (P): When a target is Analyzed, incorrect information is relayed to the players. Roll 1d10: If the result is 1 or 2, the caster knows the information is shady. 
Illusory Step (P): +1 DDC against all attacks. 
Vital Monitor (P): Loki has permanent access to the HP of all combatants.  ","Devilish, Friendly",Reveal Weakness (T5 Intel),1,8,7,8,4,6,C-262,FALSE
Moloch,16,Hanged Man,"Fire, Status",,Fire,Status,"Thunder, PSY",,,,Ice,Shadow,"+1 MAG, +2 TEC, +2 AGI","Flaming Rites – When you slay a target using Fire damage, recover 1 Energy.  ","Melt: Up to 3 targets within 6 meters. On hit: 7d8 (31) Fire damage and 20% Slowed chance. 
Poison Breath: Any number of targets within 6 meters. 15+5TEC% (65) Poisoned chance. 
Ghastly Wail: Any number of targets suffering Status effects. HDC -1. On hit: instantly kills the target. ",,"Snobbish, Chaotic",Rage of Cerberus (T5 Fire),1,9,8,6,4,4,C-261,FALSE
Nebiros,16,Hermit,"Fire, Dark",,Dark,,,,,,Light,Shadow,"+2 MAG, +2 TEC, +4 Expression","Necro-commander – Once per session, you may choose a NonTyrant Shadow that was defeated during this combat. This Shadow comes back to life and is inflicted with Charm, but it dies after its turn and triggers no deathrelated effects, nor does it reward Experience.","Maragidyne: Any number of targets Nebiros can see. On hit: 9d6 (31) Fire damage.
Condemnation: 1 target Nebiros can see dies instantly if its HP is below 60+TEC% (68%/34%) of its maximum value.","Marquis of Hell (P): Upon casting a Fire spell, Nebiros can cast a Dark spell immediately as its Interrupt action. Dark spells cast this way have their threshold halved.","Devilish, Chaotic",Pyriphlegton (T5 Fire),1,7,9,9,3,2,C-260,FALSE
Danu-α,16,Empress,"Light, Heal",,,,"Fire, Ice",,,,Dark,Alpha,"+1 MAG, +1 TEC, +1 AGI, +4 Charm",Ideal Mother – You can spend 1 Energy: Trade places with your Zenith of Radiance. This is considered a movement action. ,"Kougabarion: One target within 6 meters. On hit: (52) Light damage and move the target to a position adjacent to Danu-α. This target cannot declare movement actions for 1d4+1 rounds. 
Embrace of the Matriarch: This spell can only be cast if there are 4 units adjacent to Danu-α. Reduce the HP of all adjacent targets to 1 (this is considered Almighty damage) and heal Danu-α to 100% HP 
Rapture: Danu-α trades place with another Shadow she can see, then moves all Users adjacent to her to positions adjacent to her new position (no check). ",,Friendly,Eternal Jewel (T5 Light),1,8,8,6,5,4,SSIV-19,FALSE
Nuwa,16,Strength,"Physical, Wind, Heal",,Wind,"Thunder, Dark",,,,,Fire,Shadow,"+2 TEC, +2 VIT, +1 MAG","Mountain and Sea – Once per combat, when you declare an attack or spell that has a % chance to trigger a Status: Add 20% to that chance. ","Dancing Strike: One target within 8 meters. On hit: 9d10 (49) Physical damage, and roll this attack again. If the second attack hits, roll this attack a third time. 
Floral Gust: 1d4+1 targets within 8 meters. On hit: 8d6 (28) Wind damage. This attack treats Null and Resist Wind as Neutral. 
Diamrita: One target Nuwa can see recovers 20% of its maximum HP and is healed of all Status effects. ","Rebuilt Pillar (P): Once Nuwa is defeated, ""Nuwa, The Serpent of Creation"" spawns into combat. A new round starts automatically, with Nuwa, The Serpent of Creation placed in the first spot of the queue. ",,,1,9,8,7,6,2,SSIV-21,FALSE
"Nuwa, The Creator Serpent",16,Strength,"Thunder, Status, Intel",,Wind,"Thunder, Dark",Fire,,,,,Tyrant,,"Sovereign of Thunder – Whenever Nuwa, The Serpent of Creation would take damage, she can redirect any amount of damage to any number of Thunder Bits in combat, up to their current HP. ","Dream of the Red Chamber: Spawn 1d4 Thunder Bits into combat, as long as there are no Thunder Bits in combat. 
Slumber Vortex: Any number of targets. 15+5TEC% (60%) Charmed chance, and 15+5TEC% (60%) Fearful chance. 
Punishing Dekaja: Removes all Buff effects from combat. If a target lost a Buff effect this way, they take 15 Almighty damage (no dodge check) 
Electrify: Nuwa's next spell ignores all Type interactions. This is considered a Buff effect. 
Rising Storm Dragon: All combatants, except Nuwa. On hit: 10d10 (55) Thunder damage, plus 10 Thunder damage for each Thunder Bit currently in combat. If there are no Thunder Bits in combat, this spell deals half its rolled damage. ","Embodiment of Fulmination (P): At the start of combat, Nuwa, The Serpent of Creation spawns 2 Thunder Bits (below) into combat. Thunder Bits are considered Cognitive objects with 50 HP each. Thunder Bits have no Type Interactions and cannot dodge attacks declared against them. Whenever Nuwa, The Serpent of Creation moves, all Thunder Bits in combat are moved to the closest possible adjacent positions to her. ",,Pillar Fragment (Special),1,10,9,8,6,2,SSIV-22,FALSE
Pascal,16,Heirophant,"Fire, Status",Fire,,,"Ice, Intel",,,,,Icon,"+3 MAG, +1 TEC, +1 AGI","The Gates of Hell (Fire and any other Damage Type, or Status) – Multi Category spells have +2 Critical Margin. Total Category spells have +1 Critical Margin. ","Venom Bite: 1 target within 8 meters. Pascal becomes adjacent to that target while casting this spell. On hit: 9d12 (58) Fire damage and 5TEC% (45%) Poisoned chance. 
Stone Bite: 1 target within 8 meters. Pascal becomes adjacent to that target while casting this spell. On hit: 9d12 (58) Fire damage and 5TEC% (45%) Stunned chance. 
Charm Bite: 1 target within 8 meters. Pascal becomes adjacent to that target while casting this spell. On hit: 9d12 (58) Fire damage and 3TEC% (27%) Charmed chance. ","“Pascal Is Here” (P): At the end of combat, a player who has Cerberus in their Persona stock can choose to automatically succeed in negotiation against Pascal. If they do, and Cerberus is not their Starter Persona, their Cerberus' name, Types, Natural Skill and Interactions are replaced with Pascal's. 
Lucky Dog (P): All attacks Pascal declares gain Critical Margin +1. For every target that dodges an attack declared by Pascal, Pascal gains 1 Luck Charge. If Pascal deals a Critical hit, the triggering chance for that spell's Status effect, if any, is doubled. ","Chaotic, Noble",Fire Amp (T3 Fire),1,9,9,5,6,4,SSV-36,FALSE
Right Statue,16,Hanged Man,,,,Thunder,,,,,,Minion,,,Ziodyne: One target within 6 meters. On hit: 8d10 (44) Thunder damage and 30% Shocked chance.,,,,1,8,8,5,5,2,SSVI-54,FALSE
Suparna,16,Sun,Wind,,,Wind,,,,,Thunder,Shadow,"+1 MAG, +1 TEC, +3 AGI","Winged Miracle – After casting a Wind spell, you may perform your whole movement action, ignoring previous movement during this round.","Garudyne: 1 target within 8 meters. HDC +2 or Critical Margin +2. On hit: 7d10 (38/41) Wind damage.
Wind Tunnel: Suparna or any adjacent ally moves up to 3 meters in any direction. All targets within 2 meters of this spell’s target during its movement are thrown up to TEC (6) meters away and take TECd6 (21/23) Wind damage on hit.",First Star (P) – Deals 10% more damage against all targets below itself in the iniative queue.,Chaotic,Vortex (T5 Wind),1,7,6,9,5,4,C-258,FALSE
Thor,16,Chariot,"Physical, Thunder",Thunder,,,"Physical, Light",,,,Status,Shadow,"+2 STR, +1 MAG, +1 TEC, +4 Courage","Jarngreipr – As an Interrupt action, you can 1 Aspect Point to Null any effect that would lower your STR.","Meteoric Crash: 1 target Thor can see and all adjacent targets. On hit: 8d8 (36) Physical damage and Knockdown Weakness. 
Summon Lightning: Thor and all its allies deal +MAG (7/10) Thunder damage with all its attacks until the end of Thor’s next turn.  ","Mjolnir (P): If any target’s resistance to the Physical Type is higher than its resistance to Thunder, Spells cast Thor that hit that target deal Thunder damage instead. 
Auto-Matarukajaou (P): At the start of combat, Thor grants itself and all its allies +3 STR, +3 MAG for 3 rounds. ","Aggressive, Noble",Thunder Reign (T5 Thunder),8,7,7,3,5,2,C-260,FALSE
Vishnu,16,Fool,Wind,Ice,,"Light, Dark",,,,,Fire,Shadow,"+3 MAG, +1 AGI, +1 LCK",Sudarshana – Your Wind Spells ignore Resist and treat Reflect and Drain Wind as Null. ,"Panta Rhei: 1 target within 10 meters. On hit: 12d8 (78) Wind damage. Critical Margin +3 
Magarudyne: Any number of targets Vishnu can see. HDC +2 or Critical Margin +2. On hit: 12d6 Wind damage. ",,"Noble, Snobbish",Panta Rhei (T5 Wind),2,12,3,7,3,6,C-261,FALSE
Atavaka,17,Chariot,"Physical, Light",,,"Physical, Light",,,,,"Ice, PSY",Shadow,"+1 STR, +2 TEC, +1 VIT, +4 Courage","Converted Demon – Enraged grants, instead of its default effects, +1 HDC to your attacks and Critical Margin -1 to Attacks declared against you, but you cannot opt to fail tests to recover from Enraged automatically.  ","Dancing Blades: Up to 1d6 targets within 4 meters. On hit: 8d8 (36) Physical damage.
Mahamaon: Any number of targets loses 10+3TEC% (37%) of their current HP. ",,"Snobbish, Aggressive",Primal Force (T5 Phys.),8,1,9,4,7,2,C-270,FALSE
Belphegor,17,Devil,"Thunder, Status",,Dark,,Ice,,,,Fire,Shadow,"+1 MAG, +1 TEC, +4 Knowledge, +4 Expression, +4 Charm","Cult of Sloth – During the first round of combat, grants Fortify All X, where X is equal to the number of enemies whose initiative is higher than yours.  ","Circle of Venom: A 6-meter area around Belphegor that lasts for 3 rounds. Any number of targets within the Circle has 20+5TEC% (55%) chance to suffer Poisoned at the start of their turns. 
Concentrate: Belphegor’s next attack deals 50% more damage. 
Circle of Rot: Any number of targets within Circle of Venom takes 7d6-5 (19/27) Thunder damage, no dodge check.  ",,"Devilish, Friendly","Strikes Twice (T5 Thunder)",1,7,7,8,6,2,C-267,FALSE
Clockwork God,17,--,"Thunder, Nuclear, Dark",,,,,,,,,Tyrant,,"The Bearer of Time – At the start of combat, apply 4 Countdown Counters on one User. At the end of each of that User's turns, they lose one Countdown Counter. Targeting the User with a spell or consumable that restores HP, except Imbue effects, adds 1 Countdown Counter to that User, up to a maximum of 4. If a User loses all Countdown Counters, they enter Death's Door. This is an Almighty Type, Death Category effect. ","1.3 billion Volts: All units in combat, except Clockwork God. On hit: 9d6 (31) Thunder damage and 100% Shocked chance. 
The Sun Extinguished: One target Clockwork God can see. On hit: Target loses 50% of their current HP as Dark damage. At the start of the target's turn, they lose 50% of their current HP as Dark damage. 
Time Set in Motion: Up to three targets Clockwork God can see. HDC +1. On hit: 9d10 (40) Nuclear damage. If this spell dealt damage to all chosen targets, Clockwork God regains 30% (127) HP. ",,,,1,9,6,9,5,2,SSV-45,FALSE
Cu Chulainn,17,Moon,"Physical, Wind, Thunder",,Physical,Nuclear,,,,,Ice,Shadow,"+2 STR, +2 MAG, +1 TEC","Gae Bolg – If you attack after moving, you may perform your full movement once more after attacking.  ","Gae Bolg: One target within 2 meters. 8d6+2 (30) Almighty damage. Does not check for dodge. 
Shredding Whirlwind: Any number of targets within 7 meters of Cu Chulainn. 
On hit: 8d4+4 (24) Wind damage and drags the target to adjacent positions to Cu Chulainn or as close as possible to it. 
Lightning Strikes: One target and all other units within 2 meters. On hit: 8d8 (36) Thunder damage and Cu Chulainn becomes adjacent to the target, if possible. 
Path of Blades: Any number of targets this Shadow becomes adjacent during its movement. On hit: 8d6 (28) Physical damage. ","Lance Master (P): After casting a Spell, Cu Chulainn has 25% chance to cast Gae Bolg against each adjacent target.
Survive Darkness (P): Dark Type Spells lower this Shadow’s HP to 1 instead of killing it.","Noble, Friendly",2x Magnificent Wings+ (T2 Misc.),8,8,7,7,6,2,C-266,FALSE
Futsunushi,17,Magician,"Physical, Buff",,,,"Physical, Fire, Ice, Wind, Thunder, Nuclear, PSY, Light, Dark",,,,"Status, Intel",Ultimate,"+2 STR, +2 TEC, +4 Discipline",Lord of Blades – All Swords you wield gain Transfer (Page 76) and Critical Margin +3  ,"Indelible Stance: Futsunushi gains Fortify Physical -15 and Reflect Physical against the next attack declared against him.  
Cut to Ribbons: Up to 2 targets within 6 meters. On hit: 11d6 (60) Physical damage. If two targets are chosen, deals half damage to each.   ",Defensive Duelist+ (P): Futsunushi has -1 DDC and Resist against all Types except Status. ,"Noble, Aggressive",2x Tetrakarn Spell Card (T5 Defense),11,1,7,1,11,2,C-268,FALSE
Hachiman,17,Heirophant,"Thunder, Buff, Debuff",,,"Ice, Thunder",,,,,Light,Shadow,"+2 MAG, +1 TEC, +2 VIT","God of the Eight Flags – Upon receiving support for a Skill check, you may double the incoming support’s bonus, once per day.  ","Holy Wrath (Basic Attack): 1 target within 4 meters. On hit: 5d6 (17) Physical damage. 
Blade of Hundreds: 1 target Hachiman can see. Reduces target’s STR and MAG by half and increases Hachiman’s STR and MAG by the reduced amount until the end of its next turn. 
Ziodyne: 1 target within 8 meters. On hit: 8d12 (52) Thunder damage and 8MAG% (64%) Shocked chance. ",Golden Link (P): Hachiman and all its allies can perform basic attacks as their Interrupt actions.  ,Noble,"Tarukajyne (T5 Buff)",5,8,6,5,8,4,C-269,FALSE
Kudlak,17,Devil,"Nuclear, Dark, Status",,Dark,,,,,,PSY,Shadow,???,"Memory of Red Blood – When a Debuff effect on you is removed, either by expiring or by removal effects, you can spend your Interrupt action for that turn and choose one target within TEC meters: Apply the same Debuff that was active on you on that target, for 2 rounds. ","… And Live Forever (Interrupt): Can only be cast when a User under Crimson Mist enters Death's Door. That User is revived with 1 HP (effects from entering Death's Door still apply) and immediately suffer the Charmed Status. This ignores the target's Status Affinity. 
Monotonous Gift: One target Kudlak can see. While casting this spell, Kudlak is moved to an unoccupied space adjacent to the target. Then, on hit: 6d8 (27) Dark damage and applies the ""Crimson Mist"" Condition to the target. 
Musings of Meat: Up to three targets within 6 meters. On hit: 6d4 (15) Nuclear damage and applies the ""Crimson Mist” Condition. ","Two Paths Crossing (P): Kudlak deals 50% more damage (applied first in damage calculation) against Shadows named Kresnik and Users whose Active Personae are named Kresnik. 
Drink From Me… (P): Crimson Mist is a condition applied by Kudlak to Users. Targets under this Condition suffer -1 Dark and Status Affinity. ",Snobbish,Demonic Decree (T5 Dark),1,6,6,11,6,2,SSVIII-18,FALSE
Murmur,17,Aeon,"Thunder, Nuclear",,"Wind, Thunder",,,,,,"Fire, Ice",Shadow," +8 Knowledge, +4 Charm, +1 AGI, +1 VIT","Trampling Upon Souls – If you land the killing blow on a Shadow, double your remaining movement allowance this turn. ","Red Lightning Crash: One line up to TEC+3 (8) meters in any direction. HDC +1. All targets in this line and adjacent to this line are targeted. On hit: 6d8 (27) Thunder damage and moves Murmur to the end of this line.
Mafreidyne: Any number of targets within 9 meters. On hit: 6d6+6 (30) Nuclear damage.",,"Devilish, Insane","End of Days (T5 Nuclear)",1,6,5,9,9,2,C-272,FALSE
Nidhoggr,17,Hermit,"Ice, Dark",,,"Ice, Dark",,,,,Light,Shadow,"+3 AGI, +1 MAG, +1 TEC",Usher of Ragnarök – Dark Type Spells you and your allies cast have their effect cap increased by 5%.,"Final Shot (Dark): 1 target this Shadow can see. At the turn this spell is cast, nothing happens. At the end of the round, if Nidhoggr took no damage this round, the chosen target enters Death’s Door. 
Mabufudyne: Any number of targets this Shadow can see. On hit: 7d6 (24) Ice damage. ",Dragon’s Shout (P): Always the first character in the initiative queue and starts combat with Mind Charge.  ,Chaotic,Eternal Punishment (T5 Dark),1,7,8,11,2,2,C-269,FALSE
Reaper,17,Death,,,,Status,"Physical, Gun",,,,,Shadow,,Relentless – Reaper’s actions and movement cannot be restricted by any effects or actions. Reaper uses his MAG score for both MAG and STR checks. ,"Infernal Bullet: Grants Resist to all Types, except Fire. Inferno Shot: 1 target within 8 meters. Hit: 10d12 (65) Fire damage. Critical Margin +2. Rolling Critical hits with this attack does not spend Luck Charges. On crit: Deals 3x damage instead of 2x. 
Frostbite Bullet: Grants Resist to all Types, except Ice Glacial Shot: 1 target within 6 meters. Hit: 10d8 (45) Ice damage and target loses 1d6 Energy.
Voltaic Bullet: Grants Resist to all Types, exc. Thunder Neuroshock Shot: 1 target within 6 meters. Hit: 10d10 (55) Thunder damage and 8TEC (80%) Shocked chance to the target. Also deals half the rolled damage and has half the Shocked chance to all Users within 2 meters of target.  
Tempest Bullet: Grants Resist to all Types, except Wind Tornado Shot: Up to 3 targets within 12 meters. +1 HDC. Hit: 10d6 (35) Wind damage, plus 1 point of damage per hit point above each target’s dodge check (calculated individually for each target).  
Sanctified Bullet: Grants Resist to all Types, except Light Lambent Shot (Light): Any number of targets Reaper can see. Targets lose 35% of their current HP. Lucent Shot: Up to 1d4+1 targets Reaper can see. Removes all Buff effects active on target, and target cannot benefit from Buff effects for 3 rounds.  
Void Bullet: Grants Resist to all Types, except Dark Necrotic Shot: One target Reaper can see. If target’s HP is below 30%, target enters Death’s Door and immediately loses 1 Counter. Abyssal Shot: Any number of targets within 8 meters. Hit: 10d6 (35) Dark damage, and target suffers -1 DDC until the end of Reaper’s next turn.  

Reaper can cast the following spells independently of which Bullet he has loaded: 
Aeon Hail: Up to 3 targets within 8 meters. Hit: 10d8 (45) Gun damage. 
Megido-Grasp Bullet: 1 target within 5 meters. Hit: 10d4 (25) Almighty damage. Target is moved to an adjacent position to Reaper and suffers the effects of Rakundaou (Debuff: Fortify Physical, Elements -12 for 3 rounds) ","Six Bullets (P): At the start of combat, Reaper gains the effect of Infernal Bullet. At the start of every round after that, Reaper cycles to the next Bullet (below), gaining new Interactions and spells. This does not overwrite his default interactions. Once Void Bullet’s round ends, Reaper resets to Infernal Bullet and the cycle restarts. ",,"2x Homunculus (Core Accessories, 1 RP each)",1,10,10,5,8,1,SSI-31,FALSE
Samael,17,Death,"Dark, Status, Debuff",,,Thunder,Dark,,,,"Wind, Intel",Shadow,"+3 TEC, +1 AGI, +1 LCK",God’s Venom – Any target you hit with a basic attack is inflicted with the same Status and Debuff effects you are suffering from until the end of the target’s next turn.  ,"Condemnation: One target whose HP is below 80% dies instantly. If this spell kills a target, Repress. 
Terrifying Visage: Any number of targets within 6 meters have a 75% chance to suffer Fearful. 
Matarundamon: All Users suffer -2 STR, -2 MAG for 3 rounds. 
Poisoned Fangs: One adjacent target has a 120% chance of being Poisoned. ",Circle of Taboo (P): Targets adjacent to Samael suffer a -3 penalty to MAG. ,"Chaotic, Anthropophagous",Ghastly Wail (T5 Status),4,4,10,8,8,4,C-265,FALSE
Saturnus,17,Star,Fire,Fire,,Wind,,,,,"Ice, PSY",Shadow,"+2 MAG, +2 VIT, +4 Courage",Touched by Flames –You can opt to use STR instead of MAG to calculate the damage of your Fire spells.  ,"Pyriphlegton: 1 point within 10 meters and all targets between Saturnus and this target. On hit: 8d12 (52/78) Fire damage. 
Ha Agidyne: Up to 3 points within 8 meters and all targets between Saturnus and each target. On hit: 8d8 (36/54) Fire damage. 
Maragidyne: Any number of targets Saturnus can see and a line between Saturnus and each of those targets. On hit: 8d6 (28/42) Fire damage ","Primordial Flame (P): All of Saturnus’ attacks also deal damage in a line between Saturnus and the target.
Fire Amp (P): Fire Spells Saturnus casts deal 50% more damage. ",Aggressive,Last Legion (T5 Misc.),1,8,6,5,8,4,C-270,FALSE
Scathach,17,Empress,"Physical, Ice, Wind",,,Wind,,,,,Fire,Shadow,"+1 MAG, +2 TEC, +4 Charm, +4 Empathy","Ondurdis – You may move to an adjacent position to a target you hit with an Ice spell this round, as your Interrupt action.  ","Ice Waltz: Up to 1d6 targets within 6 meters. On hit: 9d8 (40) Ice damage. 
Mabatma: Up to 2 targets within 6 meters have a 25+5TEC% (75%) chance to be Slowed. 
Diamond Blizzard: One target Skadi can see. On hit: 9d10 (45) Ice damage. Negates all of target’s damage reduction effects until the end of Skadi’s next turn.  ","Hailstorm Skater (P): Consider this Shadow’s AGI score as 8 for movement allowance. Skadi’s movement ignores hostile actions triggered by movement. 
Frigid Touch (P): Characters that declare basic attacks or Physical spells against Skadi have a 100% chance to suffer Slowed.  ","Flirty, Anthropophagous",Ymir’s Breath (T5 Ice),8,8,7,7,7,2,C-271,FALSE
Skadi,17,Priestess,"Ice, Status",,Ice,Dark,,,,,,Shadow,"+1 STR, +1 MAG, +1 TEC, +1 AGI, +1 VIT","Finesse – If your STR and MAG scores are equal, all your attacks deal 15% more damage. This effect is applied before any other damage modifiers and is not considered a Buff.  ","Vile Assault: 1 target within 4 meters. On hit: 8d12 (52) Physical damage. Deals STR+8 (16) extra Physical damage against Knocked Down targets. 
Ha Bufudyne: Up to 3 targets within 7 meters. On hit: 8d8 (36) Ice damage. 
Magarudyne: Any number of targets. HDC +2 or Critical Margin +2. On hit: 8d6-8 (20) Wind damage.  ","Blessing of Celerity (P): At the start of combat, grants +3 TEC, +3 AGI for the ally with the lowest AGI for 3 rounds.  ",Flirty,God’s Hand (T5 Phys.),2,9,10,4,4,4,C-271,FALSE
Terminator,17,Justice,"Physical, Thunder, Status","Fire, Ice",,,,,,,Thunder,Shadow,"+2 STR, +1 TEC, +4 Discipline, +4 Courage","I Will Be Back – Once per session, if you are targeted by a Revive effect when you’re in Death’s Door, grants the effects of Power Charge or Mind Charge for your next attack.  ","Bullet Hail: On hit: 10d6 (35) Gun damage. Critical Margin +2. 
EMP Blast: On hit: 5d6 (17) Thunder damage and 20+5TEC% (60%) Shocked chance. 
True Faith: 40+5TEC% (80%) Fearful chance. ","Praying and Spraying (P): All attacks declared by Terminator have the following range: All combatants within 4 meters, except Terminator, including its basic attack. 
Firearm VIII (P): Terminator starts combat wielding a Firearm that costs no more than 8 RP, substituting its basic attack.  ","Friendly, Aggressive","Comet III (Firearm, 4 RP)",10,5,8,3,8,4,C-267,FALSE
Throne,17,Justice,"Fire, Light",Fire,,,,,,,Dark,Shadow,"+8 Knowledge, +4 Charm, +4 Expression, +4 Courage","Divine Light’s Reflection – Once per day, you may make a decision from a purely practical standpoint, ignoring all personal bias. ","Pyriphlegton: 1 target within 10 meters. On hit: 8d12 (52) Fire damage. 
Titanomachia: Any number of targets. On hit: 8d6 (28) Fire damage. 
Samsara: Any number of targets loses 35% of their max HP, Light damage. ","Aura of Renewal (P): At the start of each of Throne’s turns, it and all its allies heal 20% HP.","Snobbish, Aggressive",Titanomachia (T5 Fire),5,8,8,5,7,4,C-266,FALSE
Rei,17,--,"PSY, Heal",,,,"Physical, Fire, Light",,,,,User,,"Gourmand of the Festival – As long as Rei is in an adjacent spot to Zen, both Zen and Rei gain +1 HDC for all attacks.","Platinum Coin: Remove all Status effects from combat, and all units gain Resist Status for the next 3 rounds. This is a Buff effect that stacks with other Buff effects. 
Prize Ticket: Up to 3 targets within 6 meters. On hit: 1 PSY damage and place one Festival Ticket on each target that took damage from this spell. 
Cashing Out: Remove all Festival Tickets from combat. Zen and Rei each gain Critical Margin +X, where X is the number of Festival Tickets removed by this effect. This is a Buff effect that stacks with other Buff effects. 
""Your turn, Zen!"": Zen gains a second turn this round, immediately after Rei's. ",,,,1,8,4,9,7,2,SSV-24,FALSE
Yamato Sumeragi,17,Fortune,"Light, Dark, Almighty",,"Light, Dark",,,,,,,Icon,"+3 TEC, +2 MAG","Detective's Insight (Light, Dark) – Once per combat, when you deal damage to a target using a Light or Dark Type spell, you can use your Quick action to reveal that target's interaction to Light or Dark, your choice. ","Hamaon: One target Yamato Sumeragi can see loses 23+3TEC (50%) of its current HP as Light damage.
Mudoon: One target Yamato Sumeragi whose HP is equal to or below 50% is instantly slain. This is a Death effect.
Megidolaon: One target and all units within 3 meters of that target. On hit: 7d6 (24) Almighty damage.","Divine Bloodline (P): Whenever Yamato Sumeragi casts Hamaon or Megidolaon, it can change those spells' damage Types to Fire or Wind, as a Quick action. 
Shield of Justice (P): When Yamato Sumeragi is slain, all surviving Shadows in combat gain Null <All> for the next instance of damage they take. This is not considered a Buff effect. ",Snobbish,Eternal Punishment (T5 Dark),1,7,9,8,5,2,SSV-22,FALSE
Zen,17,--,"Physical, Ice, Dark, Buff",,,,"Gun, Ice, Dark",,,,,User,,"Host of the Festival – As long as Zen is in an adjacent spot to Rei, both Zen and Rei gain +1 DDC against all attacks.","Bane Slice: One target within 7 meters. On hit: 9d12 (58) Physical damage and, at the start of the target's next turn, they take 2STR (18) Dark damage, no check. 
Frozen Spear: One target within 6 meters. On hit: 9d12 (58) Ice damage. Regardless of this spell hitting or missing, Zen chooses a second target within 4 meters of the original target: That target takes 2STR (18) Ice damage, no check. 
Knight Card: Attacks Rei declare cannot miss until the end of her next turn. This is a Buff effect that stacks with Buffs applied by Rei. ",,,,9,1,8,4,7,2,SSV-23,FALSE
Norn,18,Fortune,"Wind, Thunder, Heal",Wind,,Fire,"Physical, Gun, Intel",,,,,Ultimate,"+2 MAG, +1 TEC, +1 VIT, +1 LCK","Fate Unraveled – If you would be hit by an attack in the same round you missed an attack, you may spend 1 Aspect Point: Null the incoming attack and declare a basic attack as your Interrupt action with +1 TEC. ","Steal Time: Norn kills a Shadow or takes two counters from a User in Death’s Door to heal up to 50% of its maximum HP. 
Roots of Yggdrasil: Any number of targets within 5 meters. HDC +2, Critical Margin +2. On hit: 10d6-9 (26) Wind damage. 
Thunder Reign: 1 target within 10 meters. On hit: 10d10 (55) Thunder damage and 100% Shocked chance ","Rune Shield (P): 50% chance to Reflect any incoming Light or Dark spell. 
Fate Shattered (P): Once per round, upon casting a spell, Norn can choose one of the hit targets and deal the same amount of damage rolled once more, no dodge check.  ","Noble, Insane",Angel Pastry (Consumable),1,10,6,2,8,8,C-264,FALSE
Asura,18,Sun,"Fire, Light, Buff",,Status,,,,,,Ice,Ultimate,"+3 MAG, +2 TEC, +1 VIT","Virocana – If you’re the last character in the initiative queue, you can grant Critical Margin +3 to an attack this combat as a Free action.  ","Rahu (Light): 1 target Asura can see loses 5*X% of its current HP. X is the difference between target’s AGI and Asura’s. 
Nuclear Flame: 1 target within 8 meters. On hit: 10d12 (65) Fire damage and Fortify Physical -24, Fortify Elements -24 for 3 turns. Ignores Resist Fire and treats Null and Drain Fire as Resist.  ","Covetous Deva (P): Every time a Buff action is declared, including Charge and Auto Category spells, Asura gains the same effects.  ","Chaotic, Snobbish","Vajra (Dagger, Special)",1,10,8,1,11,4,C-275,FALSE
Chi You,18,Chariot,"Physical, Buff",,,Status,"Physical, PSY",,,,,Ultimate,"+3 STR, +2 TEC, +1 LCK","Heavenly Inventor – Upon acquiring a new weapon, you may choose a Type from your Starter Personae to substitute the Physical or Gun damage from that weapon for the selected Type.  ","Yanyue (Basic Attack): 1 target within 5 meters. On hit: 10d8+4 (49) Physical damage. 
Devouring Blade: 1 adjacent target. On hit: STRd8+AGI (49) Physical damage, grants Sukukajaou to Chi You (+3 TEC, +3 AGI for 3 rounds). 
Lightning Bow: 1 target within 4 meters. On hit: STRd8+1 (46) Thunder damage. 
Athame: 1 target within 2 meters. On hit: 10d4+10 (55) Gun damage. Pushes the target 1 meter backwards.  ","Endless Link (P): May declare a basic attack after each allied attack without spending its Interrupt action. 
Four Eyes (P): Chi You has two turns per round. 
Peerless Blade (P): Chi You’s Physical attacks ignore damage reduction and consider Null and Reflect as Resist. 
Barbarian Shield (P): Fortify Physical +10, Fortify Elements -5 ","Aggressive, Noble",Cataclysm (T5 Buff),10,1,10,5,5,4,C-279,FALSE
Cherub,18,Judgement,"Physical, Heal",,,"Light, Dark, PSY",,,,,,Shadow,"+4 Knowledge, +4 Discipline, +4 Courage, +4 Expression, +4 Empathy, +4 Charm","Gates of Eden – You can spend your full turn to trigger the following effect: You cannot be attacked or moved from your current position. This effect is removed if you attack, move or cast a spell.  ","Jury: 1 target Cherub can see. On hit: 8d10 (45) Physical damage and Condemns the target. 
Executioner: All Condemned targets lose 1d6 Energy. This spell can be cast as an Interrupt action. For each point of Energy lost this way, heal all Cherubs’ HP by 10%.  ","Rain of Arrows (P): Cherub can attack targets behind cover and invisible targets. 
Crime and Punishment (P): Cherub can inflict the Condemned Miscellaneous Status. This visually obvious effect materializes a white chain around targets, understanding its effects require passing a Knowledge (5) check, and is removed from all targets when any Cherub is defeated. ","Insane, Childish","Ha Diarahan (T5 Heal)
",8,8,6,6,4,2,C-274,FALSE
Gucumatzz,18,Aeon,"PSY, Debuff",,PSY,,,,,,Dark,Shadow,"+3 VIT, +1 MAG, +2 TEC",Languages of the World - +1 Social Tier for all negotiations with Shadows.,"Primordial Cloud: 1 target within 8 meters and all adjacent units to that target. Reduces target STR and MAG to 1 until the end of Gucumatz’s next turn. This is considered a Debuff action. 
Divine Ordinance: One target Gucumatz can see. 7d10+6 (46) Physical damage. Reduces target’s STR and MAG to 1 until the end of Gucumatz’s next turn. This is considered a Debuff action. 
Psiodyne: One target within 10 meters. On hit: 7d12+5 (50) PSY damage.  ",Primordial Serpent (P): Gucumatz flies and can move in any direction. Gucumatz’s movement cannot be restricted by any effects.  ,Childish,Psycho Blast (T5 PSY),7,7,8,1,9,2,C-272,FALSE
Moon Howler Nyarlathotep,18,World,"Physical, Dark, Status",,,Dark,"PSY, Light, Status",,,,,Shadow,,"Chaos Element – Cannot be afflicted with Mind Status, automatically recovers from all Status effects at the end of its turn. Ignores all Reflect and Drain effects, except Tetrakarn and Makarakarn. ","Omega Cluster (Status): Up to 3 targets Nyarlathotep can see. Applies the Trance Nerve Status effect. Targets under Trance have their total Agility score set to 1 until they take damage from any source. Effects that remove Nerve Status can also remove Trance. 
Guard Punish: Any number of targets. On hit: 5d8 (23) Physical damage, plus the target’s total Damage Reduction value, multiplied by 3. 
Unperishable Black (Dark): One target Nyarlathotep can see takes damage equal to half their maximum HP.  ",,,,5,6,8,10,2,2,SSI-27,FALSE
"Nyarlathotep, the Thousand Faces ",18,Jester,"Light, Dark, Status",,,Dark,"Light, Status",,,,,Shadow,"+8 Knowledge, +4 Charm, +4 Expression, +4 Courage, +1 TEC","Instead of a Natural Skill, when acquired as a Persona, Nyarlathotep gains one use of Chaotic Darkness for no Spell Point cost. ","Banishment (Light): Reduce 1 target’s HP to 1. If this spell deals damage, Nyarlathotep cannot use it for the next 1d4 rounds. 
Punishment (Dark): 1 target whose HP is below 20% of its maximum value is put on Death’s Door. If this attack succeeds, Nyarlathotep recovers 20% (76) of its maximum HP. 
Poison Breath (Status): Any number of targets within 5 meters. Poisoned chance: 65%.  ",,Insane,,1,1,10,10,10,1,SSI-26,FALSE
Ongyo-Ki,18,Hermit,"Fire, Status, Debuff",,"Light, Dark",,"Physical, Gun",,,,,Ultimate,"+2 MAG, +2 AGI, +1 VIT, +1 LCK","Invisible Aura – At the start of combat, you may spend 1 Aspect Point to ensure the first attack you declare be a confirmed hit.  ","Bursting Link (P): Can cast Fire spells as an Interrupt action. 
Reinforcements (P): At the start of combat, OngyoKi summons Sui-Ki (Lv. 14), Fuu-Ki (Lv. 3) and Kin-Ki (Lv. 13).  ","Flaming Kunai: 1 target Ongyo-Ki can see. 9d4 (22) Fire damage, no dodge check. Does not consume this Shadow’s Interrupt action but can only by cast through Bursting Link. 
Crushing Might: 1 target within 8 meters. 75+5TEC% (115%) Stunned chance. 
Smoke Bomb: Ongyo-Ki gains +2 AGI and all its allies gain +1 AGI for 3 rounds. Can be cast as a Quick action. 
Agidyne: 1 target within 10 meters. On hit: 9d12 (58) Fire damage. ",Aggressive,Auto-Tarukajaou (T5 Buff),4,9,7,8,6,4,C-277,FALSE
Shiki-Ouji,18,Fool,"Physical, Debuff",,"Physical, Gun, Dark",,,,,,Intel,Shadow,"+2 STR, +2 VIT, +4 Knowledge, +4 Expression","Bastion – Once per day, you may spend 1 Aspect Point to avoid combat. The Narrator can choose to force combat to start, but if they do, all Users gain +10 initiative.  ","Mind’s Eye: Increases the Critical Margin for all of Shiki-Ouji’s attacks by 3 and decreases the Critical Margin to any number of targets by 3, for 3 rounds. 
One Thousand Cuts: Any number of targets this Shadow can see. Critical Margin +1. On hit: 8d4-4 (16) Physical damage. Declares two attacks against each target. ","Prediction (P): Starts combat with 3 extra Luck Charges. This Shadow can spend a Luck Charge to re-roll a check. ","Chaotic, Insane",Masukundamon (T5 Debuff),8,1,7,3,9,6,C-278,FALSE
Stephen,18,--,Intel,,,,,,,,,Tyrant,,,"Energy Compression: One target Stephen can see. HDC +1. On hit: 7d12+2STR (59) Physical damage. 
Singularity Radiation: Up to three targets Stephen can see. On hit: 7d10+MAG (45) Nuclear damage. Stephen can spend 2 
Cognitive Counters to change the damage of this attack to Fire, Ice, Wind or Thunder. Singularity Hysteria: Any number of targets Stephen can see. On hit: 7d8 (31) PSY damage. Stephen can spend 2 Cognitive counters to change the damage of this spell to Light or Dark. 
Calamity Code: All Users in combat. On hit: 7d6 (24) Almighty damage and 30% Charmed, Slowed, Panicked chance. Each chance is calculated individually. 
Wave Function: All Users in combat. Stephen spends X Cognitive Counters to cast this spell. On hit: Each target loses HP equal to 10*X% of their health as Almighty damage. ","Firewall (P): All damage Stephen takes is reduced by half, including Almighty damage. This is applied last in damage calculation.
Magnetite Overflow (P): All units in combat, including Users, can perform two consecutive turns per round.
Computational Power (P): At the start of each round, Stephen gains 1d4+1 Cognitive Counters.",,"Vajra (Core, Dagger)",7,7,7,7,7,7,SSVI-56,FALSE
Tsukiyomi Picaro,18,Moon,Dark,,"Gun, PSY",Intel,,,,,,Shadow,"+2 MAG, +2 TEC, +1 AGI, +4 Charm","Collective Heartbreak – [Quick]: If an ally is in Death's Door, you can choose to enter Death's Door to revive them with 1 HP (This is a Revive Category effect). When you enter Death's Door this way, you lose 1 Energy, instead of the usual 5. [Passive]: While in Death's Door, you can declare Default actions, as long as they’re not Revive effects, can declare Critical Hits without spending Luck Charges, and gain +1 Critical Margin. ","Abyss Wings: Any number of targets Tsukiyomi Picaro can see. On hit: MAGd6 (35) Dark damage. 
Shinma Messatsu (Dark): One target Tsukiyomi Picaro can see whose HP is below 30+2TEC% (50%) dies instantly. Ignores Resist Dark. If the target has Weakness to Dark, it dies regardless of its HP and enters Death’s Door with 1 counter.  ","Insanity (P): Abyss Wings gains Critical Margin +1 for each Shadow defeated in combat. 
Rebel Tenacity (P): When Tsukuyomi Picaro is slain, or removed from combat through other means, create one Rebel Heart on the field. Rebel Hearts are cognitive objects that cannot be targeted for attacks or effects. At the start of each round, all Rebel Hearts present in combat can cast one spell from Tsukuyomi Picaro’s spell list, using the same targeting rules and damage calculation.  ",Insane,Black Future (T5 Dark),1,10,10,8,3,2,SSVIII-23,FALSE
Tsukuyomi,18,Moon,Dark,,PSY,,Gun,,,,Intel,Shadow,"+2 MAG, +2 TEC, +1 AGI, +4 Charm",Sho Time! – Grants Fortify All LCK and +1 to all your Combat Skills for each one of your allies that’s unconscious or in Death’s Door.  ,"Abyss Wings: Any number of targets Tsukuyomi can see. On hit: MAGd6 (35) Dark damage. 
Shinma Messatsu (Dark): One target Tsukuyomi can see whose HP is below 30+2TEC% (50%) dies instantly. Ignores Resist Dark. If the target has Weakness to Dark, it dies regardless of its HP and enters Death’s Door with 1 counter.  ","Insanity (P): Abyss Wings gains Critical Margin +1 for each Shadow defeated in combat. 
Tenacity (P): When any target dies by the effect of a Death spell, Tsukuyomi gains +2 TEC, +2 AGI for 1 round. ",Insane,Black Future (T5 Dark),1,10,10,8,3,2,C-276,FALSE
Lakshmi,18,Priestess,"Ice, Light, Heal",,,,"Ice, Light",,,,Fire,Ultimate,"+2 MAG, +2 TEC, +4 Empathy, +4 Expression","Veera Lakshmi – Once per day, if two or more of your allies are in Death’s Door, you may reduce your HP to 0 to revive all allies with 100% HP.  ","Adhi Lakshmi (Buff): As long as Lakshmi is alive, one target gains +3 to all its Combat Skills. 
Mediarama: All Shadows recover 10d8+20 (65/90) HP. 
Cleansing Rain: All combatants. Lakshmi and all her allies are healed from all Status and Debuff effects, and all Users take 10d6 (35) Ice damage on hit. 
Dancer Upon the Sea of Milk (Light): Any number of targets Lakshmi can see lose TECd6 (30%) of their maximum HP. ",Spring of Hygieia (P): Heal spells Lakshmi cast heal 25% more HP.,Friendly,Mediarahan (T5 Heal) ,2,10,8,5,3,10,C-280,FALSE
Cybele,18,Empress,"Light, Heal, Buff",,Nuclear,Wind,,,,,Intel,Shadow,"+2 MAG, +2 TEC, +2 AGI","Magna Mater – Once per day, you may consider your Empathy Tier as VI for a check that involves pacifying, calming or comforting a target.  ","Banish (Light): Reduces one target’s HP to 1. This spell can only be cast once. 
Amrita: Heals all Status effects from all Shadows. 
Blades of the Grand Mother (Light): 1 target within 5 meters loses 35+3TEC% (60%) of its current HP. ","Auto-Marakukajaou (P): At the start of combat, Cybele grants Fortify Physical and Elements +12 to all Shadows for 3 rounds. 
Comforting Aura (P): All Shadows recover 2MAG% (20%) of their HP at the start of each of Cybele’s turn.  ","Snobbish, Flirty",Auto-Rakukajaou (T5 Buff),1,10,8,8,4,4,C-281,FALSE
Uriel,18,Star,Physical,,Light,,,"Fire, Ice, Wind, Thunder",,,,Shadow,"+2 STR, +2 MAG, +1 TEC, +4 Knowledge","Millennium Kingdom – Grants Fortify All 5 at the start of each of your turns, stacking with previous activations of this skill. If you leave your starting position in combat by any means, remove all stacks of this spell until the end of combat.  ","Navas Nebula: 1 target and all adjacent targets within 5 meters. On hit: 9d8 (40) Physical damage and -2 STR, -2 MAG for 3 turns. 
Megidolaon: 1 target within 8 meters and all targets within 3 meters of the chosen target. On hit: 9d8+5 (35) Almighty damage. Cannot be used consecutively.  ",,"Noble, Aggressive","Perfect Reversal (T5 Misc.)",9,9,6,4,4,2,C-274,FALSE
Valkyrie,18,Strength,"Physical, Buff",,,Light,Gun,,,,,Shadow,"+3 STR, +2 TEC, +1 AGI","To Valhalla – When you’re in Death’s Door, you can choose to spend 1 Death’s Door Counter to perform a Quick action during your turn.  ","Shura Tensei: As a Quick action, activates the following effect: Lose 20% of your maximum HP per turn, grants +2 STR immediately and +1 STR at the start of each turn under this effect. 
Shura Revert: If Valkyrie is under the effects of Shura Tensei: Remove all effects of this spell and heal Valkyrie for 25% HP. 
Sukukajyne: 1 target Valkyrie can see gains +4 TEC, +4 AGI for 3 rounds. Gunnr: Any number of targets within 8 meters. On hit: 10d6-5 (30) Physical 
damage. On Critical: +STR (10) Physical damage. ","Crystal Blade (P): If the target of one of Valkyrie’s attacks has Reflect, Null or Drain Physical, the attack deals Ice damage instead.","Noble, Aggressive",Masukukajaou (T5 Buff),10,1,8,7,4,6,C-278,FALSE
Vasuki,18,Hanged Man,"Light, Status",,,"Ice, Thunder",,,,,Dark,Shadow,"+3 VIT, +2 TEC, +1 AGI","Venomous Ocean – Status effects you cast, except Shock and Knockdown, have a 10% chance of recovery.  ","Divine Judgement: Deals 50+2TEC% (72%) of the target’s current HP as Light damage.
Putrid Breath: Any number of targets within 6 meters. 15+5TEC% (70%/90%) Poisoned chance.
Poisonous Spike: 1 target within 6 meters. 80+5TEC% (135%/155%) Poisoned chance.",Status Amp (P): All Status spells cast by Vasuki have a 20% higher chance to activate. ,Chaotic, 2x Poisoned Spike (T3 Status),1,1,11,8,10,4,C-276,FALSE
Zeus,18,Judgement,"Physical, Thunder",PSY,,Intel,,,,,Status,Shadow,"+2 STR, +2 MAG, +2 TEC","King Amongst Gods – Once per day, you may declare a basic attack or Physical spell using your damage dealing skill as STR+MAG. This attack also gains 4 meters of additional range.  ","Keraunos: 6 targets within 5 meters, being able to hit the same target multiple times. On hit: 9d6 (31) Thunder damage and 30% Shocked chance. 
Javelin of Light: 1 target within AGI (5) meters. On hit: 9d12 (58/73) Physical damage. Zeus moves to an adjacent position to the target and deals 2 extra Physical damage per meter moved by this effect.  ","Physical Boost (P): Physical attacks declared by Zeus deal 25% extra damage.
Colossal Strike (P): When Zeus hits a target with a spell, deals half the rolled damage as Thunder damage to all adjacent targets, no dodge check. ","Aggressive, Flirty","Aegis Shield (Shield, 6 RP) ",9,9,8,5,6,6,C-273,FALSE
Alilat,19,Empress,"Ice, Intel, Buff",,Physical,,,,,,Light,Ultimate,"+3 MAG, +2 TEC, +1 VIT",Absolute Barrier – Being under the effects of Makarakarn also grants Reflect Physical for the duration.  ,"Makarakarn: Grants Reflect Fire, Ice, Wind, Thunder, Nuclear, PSY, Light and Dark for the next attack cast against Alilat. 
Photon Blade: 1 target within 10 meters. HDC -1. On hit: 14d12 (84) Almighty damage. 
Ha Bufudyne: Up to 3 targets within 7 meters. On hit: 14d8 (63) Ice damage. ","Evil Reflection (P): Damage reflected by Alilat is considered Almighty. 
Obelisk (P): Alilat’s MAG score cannot be lowered. Cannot dodge attacks.  ",Insane,"1x Tetrakarn, 1x Makarakarn (T5 Misc.)",1,14,7,1,9,2,C-286,FALSE
Baal Zebul,19,Moon,"Ice, Dark, Status",PSY,,,Wind,,,,"Fire, Light",Shadow,"+2 MAG, +3 TEC, +1 VIT","One More God Rejected – Once per session, when you fail to negotiate with a Shadow, your next attack against a Shadow that participated in negotiation deals 25% extra damage.  ","Corpse Rod (Ice): Any number of targets Baal Zebul can see. On hit: 9d6 (31) Ice damage. Reduces the targets’ Energy by half if it’s above 0 or reduces targets’ Energy by 5. 
Cloud of Mosquitos (Status): Any number of targets Baal Zebul can see. 50% Poisoned chance and 50% Slowed chance. Ignores targets’ LCK saves. 
Mamudoon: Kills all targets below 20+TEC% (30%/40%) HP. ","Mudo Amp++ (P): Raises the cap of all of Baal Zebul’s Dark spells by 10% 
Numb (P): As long as Baal Zebul is in combat, the Narrator is to keep track of all the party’s HP, not allowing them to see their scores by any means. In-game, Users do not feel pain or realize damage done to their bodies while this Shadow is in combat. ","Noble, Chaotic",Niflheim (T5 Ice),1,9,10,4,8,2,C-282,FALSE
Belial,19,Devil,"Physical, Fire, Dark",,,Dark,,,,,,Shadow,"+2 STR, +2 MAG, +2 TEC","Offering to the Marquis – During negotiations with Shadows, you may sacrifice X RP to add X/2 to the negotiation roll’s result.  ","Summon Devil: Any number of Slowed targets. HDC+2. On hit: 8d6+8 (36) Fire damage. 
Death’s Harpoon: One target and all adjacent targets within 3 meters. On hit: 8d10 (44) Physical damage and moves the main target to an adjacent position to Belial. 
Mudoon: Instantly kills one target whose HP is below 30+3TEC% (54%). ",Circle of Lethargy (P): All combatants adjacent to Belial have a 100% chance to suffer Slowed at the start of their turns.  ,"Devilish, Aggressive",Demonic Decree (T5 Dark),8,8,8,4,4,2,C-283,FALSE
Hereward,19,Justice,"Physical, Debuff",,,Dark,PSY,,,,,Icon,"+3 STR, +2 TEC, +4 Courage","Blade Runners (Physical, Debuff) – When an ally deals damage to a Knocked Down target, you can spend your Interrupt action to declare a basic attack or cast a Tier I Mono Category Physical spell against that target. ","Rebellion Blade: One target within 8 meters. On hit: 10d12 (65) Physical damage and 30% Knockdown chance. If this spell triggers Knocked Down, Hereward can use Auto-Debilitate again for no action cost. 
Riot Gun: Any number of targets. On hit: 10d8 (45) Physical damage. This spell treats Null and Reflect Physical as Resist. ","Auto-Debilitate (P): At the start of combat, Hereward chooses one target: That target is afflicted with -3 STR, -3 MAG, -3 TEC, -3 AGI, Fortify Physical & Elements -8 for 3 rounds. This is a Debuff effect. ",Aggressive,Debilitate (T5 Debuff),10,1,8,6,7,2,SSV-22,FALSE
Lucifuge,19,Aeon,"Nuclear, Status, Buff",,"Gun, Wind",,Dark,,,,Thunder,Shadow,"+2 TEC, +2 MAG, +4 Knowledge, +4 Courage","Lord of All Treasure – Once per session, you may choose one ally. You and that ally deal X bonus Almighty damage on all attacks you declare until the end of your next turn, where X is the sum of your current RP and the target’s current RP. Triggering this Skill is a Free action.","Brimstone (Nuclear): One target within 8 meters. On hit: 9d10+15 (64) Nuclear damage. 
Seventh Circle (Status): An area around Lucifuge, reaching TEC/2 in any direction (5m). Any User who starts their turn within this area has 8TEC% (80%) chance to suffer Panicked. 
Marakukajyne: Any number of targets gains Fortify All +24 for 3 rounds.  ","Powerful Summons (P): As long as Lucifuge is in combat, Users must pay 2 Energy before casting any spell.","Chaotic, Noble",Neutronic Devolution (T5 Nuclear),1,9,10,6,6,2,C-284,FALSE
Mada,19,Tower,"Fire, Status",Fire,,,Intel,,,,Dark,Shadow,"+2 MAG, +2 TEC, +2 AGI","Torpor – Once per day, during combat, you may activate the following effect: Gain +1 DDC and -1 HDC until the end of your next turn. At the start of your next turn, you may spend 10% of your maximum HP to extend this effect for another turn, or 20% to extend this effect and increase it to +2 DDC, -2 HDC.  ","Maragidyne: Any number of targets. On hit: 10d6 (35/47) Fire damage. 
Purifying Blaze: Any number of targets. On hit: 10d4 (25/37) Fire damage, kills targets below 25% HP 
Appalling Visage: Any number of targets within 6 meters. 25+5TEC% (70%) Fearful chance. 
Macofunda: Up to 2 targets within 6 meters. 15+5TEC% (60%) Stunned chance. ","Unshakable Will (P): Mada is immune to all Mind Status. 
Fire Amp (P): Fire Spells cast by Mada deal 50% more damage.  ","Insane, Aggressive",Ghastly Wail (T5 Status) ,2,10,9,8,2,4,C-287,FALSE
Mahakala,19,Death,"Physical, Fire, Buff",Fire,Thunder,Dark,,,,,,Shadow,"+2 STR, +2 MAG, +1 TEC, +4 Courage",Four-Armed Gana – You may equip up to 2 accessories simultaneously. ,"Danse Macabre: Up to 1d6 targets within 6 meters. On hit: 9d8 (40) Physical damage.
Black Cut (Basic Attack): 1 target within 2 meters. On hit: 9d10 (49) Physical damage.
Dharmapala (Buff): Any number of targets Mahakala can see gain Fortify Elements +36 for 3 rounds.
Heat Wave: Any number of targets. HDC+1. On hit: 8d4-5 (15) Fire damage. If a target dodges, Mahakala may cast Black Cut against the target with HDC +1 as a free action. ","Two-Pronged Lance (P): Performs a basic attack immediately after its attack as its Interrupt action. 
Heroic Gemini (P): Upon casting a Physical spell or basic attack, Mahakala has a 10% chance to declare the same attack once more. This effect does not spend any actions. ","Aggressive, Snobbish",Pralaya (T5 Physical),9,8,7,4,4,2,C-285,FALSE
Odin,19,Emperor,"Physical, Thunder, Wind",,,Thunder,,,,,Fire,Ultimate,"+2 STR, +2 MAG, +4 Knowledge, +4 Discipline",Burden of the Wise – Sacrifice 3X Energy to raise one of your Social Skill Tiers by X until the end of the current day’s Evening block.  ,"Sleipnir (Physical): 1 target Odin can see. On hit: Odin becomes adjacent to that target and deals 10d12 (65) Physical damage. Any number of targets within 5 meters are drawn as close as possible to Odin. 
Hugin (Wind): All targets within 3 meters. HDC +1. On hit: 9d6 (31) Wind damage and pushes the target up to TEC (6) meters away. 
Gungnir (Thunder): 1 target Odin can see. On hit: 10d10+2X (55) Thunder damage, where X is the distance between Odin and the target.  ","Valhalla (P): Once per combat, if an attack would kill Odin, Odin gains Null All (this effect includes Almighty damage) against that attack and gains an extra turn immediately, but its HP is reduced to 1 after that turn.  ","Noble, Aggressive","Gungnir (Polearm, 8 RP) ",10,9,6,4,3,2,C-304,FALSE
Raphael,19,Lovers,"Physical, Debuff",Ice,,"Intel, Status",,,,,,Shadow,"+2 STR, +2 TEC, +4 Knowledge, +4 Empathy","Tree of Life – Once per session, you can choose to enter Death’s Door with 4 counters instead of 3.  ","Celestial Prison (Light): 1 target within 6 meters. On hit: Target is barred from leaving its current position for 1d6 turns. At the start of each turn under this effect, target loses TEC% (11%) of its maximum HP. 
God Hand: 1 adjacent target. HDC -1. On hit: 2*(10d6+4) (78) Physical damage. 
Tarukajyne: 1 target Raphael can see gains +4 STR, +4 MAG for 3 rounds. ",Resolution of Adversity (P): +1 STR for each combatant in front of Raphael in the initiative queue.  ,"Snobbish, Childish", Heavenly Blade (T5 Phys.),10,1,11,3,7,2,C-281,FALSE
Ishtar,19,Lovers,"Thunder, Heal",,,Thunder,,,,,Wind,Ultimate,"+2 MAG, +2 AGI, +4 Empathy, +4 Charm","Spell Master – Once per session, you may spend 1 Aspect Point to cast a Heal Type spell as an Interrupt action.  ","Spark: 1 target Ishtar can see. 12d6 (42) Thunder damage. No dodge roll. 
Storm Clouds: Any number of targets. Declares two attacks against each target, each dealing 12d4 (30) Thunder damage and 50% Shocked chance on hit. 
Kiss of Uruk (Heal): 1 target within 4 meters. HDC -1. On hit: Reduces the target to 1 HP. Ishtar is healed for half of the dealt damage.  ","Guardian of Life (P): Can cast a damage spell and a Heal spell in the same round, not spending her Interrupt action. 
Lady of Battles (P): As long as Ishtar is alive, when any combatant casts a Thunder spell, Ishtar may cast Spark against this target as her Interrupt action.  ","Flirty, Friendly",Plume of Dawn (T5 Heal) ,1,12,6,8,5,2,C-288,FALSE
Sati,19,Magician,"Fire, Intel",,,"Fire, PSY",,,,,Ice,Shadow,"+3 MAG, +2 TEC, +1 LCK","Selfless Sacrifice – Once per day, you may enter Death’s Door to restore all Death’s Door counters to all allies. If any of your allies has at least 3 counters before this spell is activated, they’re revived with 1 HP. ","Trafuri: Sati can move up to 2d6 targets from their original positions to any other unoccupied points within 20 meters. Can be cast as an Interrupt action. 
Cerberus’ Wrath: Up to 3 targets within 7 meters. On hit: 11d8 (49) Fire damage. 
Dazzle (Intel): 1 target suffers -1 HDC for its next action. 
Cloak of Shadows (Intel): 1 target gains +1 DDC for the next attack. ",,"Snobbish, Childish",Fire Ward (T5 Defense),1,11,8,6,3,8,C-289,FALSE
Siegfried,19,Strength,"Physical, Buff, Debuff",,,Physical,Ice,,,,Intel,Shadow,"+8 Courage, +8 Discipline, +4 Knowledge, +4 Charm","Dragon’s Blood – Once per week, you may gain Null <Type> against one Type of your choice for 3 turns. This is not a Buff effect.  ","Primal Strength: All targets between Siegfried and one target within 8 meters. On hit: 8d8 (36) Physical damage and Knockdown. 
Victorious Roar (Debuff): Any number of targets Siegfried can see suffer Fortify Physical and Elements -24 for 3 rounds.  ","Auto-Matarukajyne (P): At the start of combat, Siegfried and all its allies gain +4 STR, +4 MAG for 3 rounds. ","Friendly, Aggressive",Power Charge+ (T3 Misc.),8,1,7,7,8,4,C-282,FALSE
Sraosha,19,Justice,"Physical, Light, Thunder",Thunder,"Light, Nuclear",,,,,,Dark,Shadow,"+1 STR, +2 MAG, +1 TEC, +4 Knowledge, +4 Expression ",Observer – You gain double the stated points when interacting with Confidants.  ,"Judgement’s Saber: 1 target within 6 meters. On hit: 7d8 (31) Physical damage. 
Thunder Reign: 1 target within 10 meters. On hit: 8d10 (44) Thunder damage and 100% Shocked chance. 
Divine Decree: 1 target loses 50+2TEC% (64%) of its current HP, Light damage. ","Angel’s Grace (P): Sraosha has DDC+1 against all attacks except Almighty. 
Light’s Vanguard: (P): Can cast Judgement’s Saber without spending its Interrupt action every time a target is inflicted with a Status effect.  ","Snobbish, Friendly",Light Sanctuary (T5 Defense),7,8,7,5,5,2,C-283,FALSE
Yoshitsune,19,Chariot,"Physical, Buff",,,,,,,,,Shadow,"+2 STR, +2 TEC, +2 LCK","Peerless Swordsman – If you roll a 1 or a 2 while attempting a Critical Hit, you don’t spend a Luck Charge for this attack.  ","Charge: Yoshitsune’s next attack deals double damage, ignores Resist and treats Null, Drain and Reflect as Resist. 
Hassou Tobi! Up to 1d6 targets within 8 meters. Total Critical Margin: +2. Attacks each target three times. On hit: 11d8/2 (24) Physical damage. After casting this spell, Yoshitsune suffers Fortify All -24 until the end of its next turn. 
Monofilament Blade: Any number of targets. Attacks each target twice. Total Critical Margin: +3. On hit: 11d6/2 (19) Physical damage. ","Lingchi (P): This Shadow can roll Critical hits without spending Luck Charges.
Relentless Advance (P): All attacks cast by Yoshitsune gain Critical Margin +2","Aggressive, Friendly",Heavenly Blade (T5 Phys.),11,1,8,5,7,2,C-289,FALSE
Cosmic Buddha Vairocana,19,Sun,"Fire, Almighty, Heal",,"Fire, Light",,,,,,,Shadow,???,"Radiant Mantra – (Quick, once per combat) Target one unit you can see: Decrease the duration of a Buff or Debuff on that target by 1 round, then choose: (1) Decrease the duration of all Debuffs on all Users by 1 round. (2) Increase the duration of all Buffs on all Users by 1 round. If the targeted unit was a User, that User is unaffected by the chosen effect. ","Annihilating Rain of Stars: Any number of targets within 5 meters. On hit: 10d8 (45) Almighty damage and -3 TEC, -3 AGI for 3 rounds (this is a Debuff effect) 
White Lotus Flame: One target Vairocana can see. The target is moved to a position adjacent to Vairocana, if possible and with no dodge check. Then, on hit: 10d12+MAG (75) Fire damage. 
Path of Prominence: Vairocana recovers up to 50% (190) of its maximum HP, then Vairocana selects one target it can see: Double the intensity and remaining duration of one Debuff effect active on that target. ",,Noble,Megidola (T5 Almighty),1,10,9,1,10,4,SSVIII-16,FALSE
Alice,20,Death,Dark,,Dark,,Intel,,,,,Ultimate,"+3 MAG, +1 TEC, +2 AGI","Die for Me! Spend 1 Aspect Point before taking damage that would drop you to 0 or less HP to transfer this damage, as Almighty, to an ally, with or without their consent. ","Mad Tea Party: Any number of targets. Instantly kills targets below 60+2TEC% (76%) HP. If this spell kills at least one target, Alice can no longer use it. 
Black Viper: 1 target within 10 meters. On hit: 12d12+12 (90) Almighty damage. 
Doors to Hades: 1 target within 5 meters and all adjacent targets. On hit: 12d8 (54) Almighty damage. Alice can sacrifice Nebiros or Belial to cast Mudoon against up to two hit targets as a free action: 
Mudoon: Instantly kills a target below 30+3TEC% (54%) HP ","Loyal Servants (P): At the start of combat, Alice summons Belial (Lv. 19) and Nebiros (Lv. 16). Their iniative values are equal to Alice’s -1 and -2, respectively.  ","Childish, Devilish",Die for Me! (T5 Dark),1,12,8,10,2,2,C-290,FALSE
Beelzebub,20,Devil,"Status, Buff, Debuff",Ice,,Dark,,,,,Fire,Ultimate,"+3 TEC, +2 VIT, +1 LCK",Lord of Flies – Grants +1 to one Combat Skill of your choice at the start of your turn for each other unit suffering from Status effects. This increase stacks with Buff effects and lasts for the duration of your turn.  ,"Infestation (Status): 1 target within 2 meters suffers the Nerve Status Infested: -1 STR, -1 MAG. Recovery chance: 25%. If you fail the recovery test, lose 25% of your maximum HP. 
Breed (Status): 1 Infested target. On hit: TECd12 (91) Dark damage. Target is healed from Infested and gains Resist Status for 3 turns. 1 Swarm of Flies spawns adjacent to the target, with the same initiative as the target. 
Guide the Swarm: 1 target Beelzebub can see. On hit: 25 Almighty damage for each Swarm of Flies present in combat. 
Fester (Buff): Beelzebub can sacrifice 10% of its current HP to immediately add 1 Swarm of Flies to combat.  ","Endless Pestilence (P): The first Buff or Debuff skill Beelzebub casts each round is considered a Quick action. 
Surrounded by Filth (P): Gains +1 TEC, +1 AGI for each target suffering from any Status in combat, including Beelzebub. ",Devilish,"Phalanx (Shield, Special)",1,1,14,3,13,4,C-293,FALSE
Helel,20,Star,"Fire, Dark, Buff",,,"Physical, Dark",,,,,Ice,Ultimate,"+2 MAG, +2 TEC, +4 Courage, +4 Charm","Devour the Light – When a Light spell is cast against you, heal the amount of HP you would have lost and deal the same amount of damage as Almighty damage against the caster.  ","Ragnarök: Any number of targets. On hit: 9d8 (40/54) Fire damage. Helel can sacrifice 10% of his maximum HP to deal +MAG (9/12) Fire damage. 
Devil’s Decree: Kill any target whose HP is below 90% and lower than Helel’s. ","Instant Cure (P): Heals from all Status effects at the end of its turn. 
Rebellion’s Cry (P): At the start of combat, grants +3 MAG, +3 TEC to Helel for the first 4 rounds of combat.  ","Flirty, Devilish",Megidolaon (T6 Almighty),1,9,8,6,9,2,C-297,FALSE
Shiva,20,Tower,"Physical, Wind, Heal",,Thunder,"Ice, Nuclear, Light, Dark",,,,,Status,Ultimate,"+1 STR, +1 MAG, +1 TEC, +1 AGI, +1 VIT, +1 LCK","Boundless Universe – Spend 1 Aspect Point to gain a second turn, once per round. ","Critical Charge (Misc.): Shiva’s next attack is a guaranteed critical hit. 
Rudra (Wind): Any number of targets Shiva can see. HDC +2. On hit: 8d6+9 (37) Wind damage. 
Nandi (Physical): All targets between Shiva and a point within 8 meters. On hit: 9d8 (40) Physical damage. Critical: +2STR (18) Wind damage. 
Mediaraja: Heals (9d10) * 3 (150) of Shiva’s HP and all of its allies. This spell can only be cast once every three rounds. ","Endless Creation (P): Shiva has two consecutive turns per round. 
Vishakanta (P): Shiva cannot be Poisoned. 
Reincarnated King (P): At the start of combat, Shiva summons Parvati (Lv. 15), Ganesha (Lv. 13) and Hanuman (Lv. 10). Their initiative scores are equal to Shiva’s - 1, -2 and -3 respectively. ",Aggressive,"Armor of Light (Armor, Special) ",9,8,6,4,6,2,C-295,FALSE
Sandalphon,20,Moon,"Light, Heal",,"Light, PSY",Dark,"Physical, Gun",,,,,Ultimate,"+1 MAG, +3 TEC, +1 AGI, +1 VIT",Gigantic Sentinel – No effects can lower your TEC. Enemies who start their turn adjacent to your position have their Movement Allowance decreased to 1 for the duration of their turn.  ,"Samsara: Any number of targets. Deals 20+2TEC% (30%) of the target’s current HP as Light damage. 
Shining Bow: 1 target Sandalphon can see. On hit: 8d10 (52) Light damage. Heals Sandalphon for the same amount of damage dealt. ","Paths of Light (P): Restores 25% of any number of targets Sandalphon becomes adjacent to during its movement. 
Master of Heavenly Songs (P): At the start of each of its turns, Sandalphon has a 50% chance to summon a Sraosha (Lv. 19) if there are less than two Sraosha currently in combat.  ","Noble, Snobbish",Banishment (T5 Light),1,8,10,7,7,2,C-296,FALSE
Kanna & Thanatos-α - LV20,20,--,"Thunder, Nuclear, Dark",,,,"Physical, Light, Dark",,,,,User,,"Facsimile – Kanna has Hetelic Resistances, but no access to Hetelic Actions. Kanna starts each combat with four Aspect Points. When Kanna enters combat, choose one of her Levels and use the appropriate Combat Skills and spells. ","Universal Aspect: As an Interrupt action, Kanna can spend 1 Aspect Point to immediately gain a second turn, once per Round. 
Negotiate: Kanna can start negotiation with any User she can see as a Standard action. Consider all her Skill Tiers as 6 for this negotiation. On a success, the target loses up to 1d4 Aspect Points and Kanna gains the amount lost. 
Arcana-Touched: Starting from Level 10, Kanna can spend 2 Aspect Points to activate any Arcana Spread currently available to the party as a standard action. This spends the use of that Arcana for the party.
Cursed Zio: One target within 8 meters. On hit: MAGd12+MAG (68) Thunder damage. At the start of Kanna’s next turn, for no action cost: Burst: 2MAG (20) Thunder damage. 
Hysteric Haeiha: Up to 3 targets within 6 meters. On hit: MAGd12 (55) Dark damage and 30% Shocked chance. 
Echoing Reset: This spell is only available if Kanna is Level 10 or higher. Removes all Buff effects from any number of Users, and all Debuff effects from Kanna. 
Mass Destruction: This spell is only available if Kanna is Level 15 or higher. All combatants except Kanna. On hit: MAGdd8 (45) Nuclear damage. Every time this spell is cast, increase its damage dice category by 1 for all subsequent casts (Max. d12)",,,,6,10,9,7,7,2,SSIV-9,FALSE
Maria,20,Aeon,"PSY, Light","Light, Dark",,Wind,Thunder,,,,,Ultimate,"+8 Empathy, +4 Charm, +4 Expression, +1 TEC, +1 VIT","Immaculate Procession – You are immune to damage that designates “an adjacent target” or units within range of the original target if you are not the primary target of the attack. Whenever an ally moves, you may move to a position adjacent to theirs, outside of your turn, for no action cost, once per round. ","Candida Rosa: Any number of targets within 10 meters. Hit: 10d8+5 (50) Light damage, plus 20 Light damage to all units adjacent to the Altar of Radiance. 
Primum Mobile: One target within 10 meters. On hit: TECd12+TEC (85) PSY damage. If this attack places the target in Death’s Door, select one other target within 6 meters of the Altar of Radiance: The second target also enters Death’s Door.  ","Ideal Space (P): As a quick action, Maria can choose one cognitive object, such as those created by Intel spells, Zeniths of Radiance, etc, and deal 10d10 (50) Light damage to all targets within 3 meters of this object (this checks for dodge). 
Penitent Altar (P): At the start of combat, Maria creates an Altar of Radiance in one empty space she can see, being able to move it up to 10 meters in any direction during her turn as a Quick action. This is considered a cognitive object for the purposes of Ideal Space. 
Heavenly Vanguard (P): At the start of combat, Maria summons Terminator (Level 17), Throne (Level 17), and Dominion (Level 16) into combat. These Shadows’ initiatives are equal to Maria’s. ",," Kakkhara (Polearm, Special) ",1,1,20,1,10,2,C-291,FALSE
Attis,20,Hanged Man,"Fire, Heal, Buff",,Wind,Fire,,,,,Dark,Ultimate,"+3 MAG, +2 TEC, +1 VIT",Immaculate Rebirth – Consider your VIT and all your allies’ VIT scores as +2 for Death’s Door checks (Max. 11) ,"Pyriphlegton: 1 target within 10 meters. On hit: 12d12 (78) Fire damage. 
Fascination (Buff): The user with the biggest Charm score in combat. For each 5 points of Charm the target has, Attis gains +1 MAG, +1 AGI, +1 LCK for 3 rounds. 
Sacrifice (Heal): Upon dying, Attis heals all Cybele in combat to 100% HP and removes all Status effects from combat.  ","Heroic Wind (P): At the start of each round, Attis and all its allies heal 10% of their maximum HP. 
Transcendent Attraction (P): At the start of combat, Attis summons two Cybele (Lv. 18) with the same initiative value as the character with the highest initiative. ","Friendly, Noble","Bead Chain (Consumable, Special)",1,12,6,6,8,2,C-300,FALSE
Messiah,20,Judgement,"Fire, Almighty",,,,"Fire, Ice, Wind, Thunder, Nuclear, PSY",,,,,"Tyrant, Icon","+3 MAG, +2 TEC, +1 VIT","The Realm of Possibility (Any two Types) - Once per session, you can spend 4 Aspect Points: You regain the use of one Arcana Spread spent during this session, for no action cost. ","Newfound Power: Can only be cast through the effect of The Card Within One's Dream. Does not check to hit. Deals MAG (15) Fire or Almighty damage (Narrator's choice) 
The New Beginning: One target Messiah can see. On hit: MAGd12+MAG (112) Fire damage and grant Messiah one Link Counter. 
The Absolute End: One target Messiah can see. +1 HDC. On hit: MAGd12 (97) Almighty damage. ","Oratorio (P): When Messiah would be slain by any source, restore its HP and the HP of all Shadows in combat to 100%, revive all Shadows slain during this combat with 100% HP, and remove all Link Counters from Messiah. This can only trigger once per combat. 
The Card Within One's Dream (P): At the start of each round, for no action cost, Messiah can cast Newfound Power a number of times equal to the number of Link Counters on Messiah. ",,"Divine Pillar (Special Accessory, Sea of Souls III)",1,15,9,5,6,2,SSV-25,FALSE
Kohryu,20,Heirophant,"Light, Heal",,PSY,"Status, Intel",,,,,,Ultimate,"+3 TEC, +2 VIT, +1 LCK",Core of the Four Beasts – Consider your Knowledge Tier as VII for questions regarding astrology and astronomy. You can precisely pinpoint your geographical location as long as you can see the sky.  ,"Immortal Dragon (Heal): If Kohryu dies before the start of its next round after casting this spell, it’s restored to 50% HP instead. If this spell is not triggered, Repress it. 
Samsara (Light): Any number of targets. Deals 20+TEC% (35%) of targets’ current HP as Light damage. 
Divine Punishment (Light): 1 target. Deals 50+2TEC% (80%) of the target’s current HP as Light damage. 
Tü: All targets who are touching the ground take 6d12+1 (40) Almighty damage, no dodge check.  ","Dragon’s Cry (P): Kohryu is always the first combatant in the initiative queue. 
Colossus (P): Kohryu occupies 4 spaces instead of one, DDC -1, and can fly.  ",Noble,Samsara (T5 Light),2,6,15,3,7,4,C-302,FALSE
Messiah Picaro,20,Judgement,"Fire, Almighty",,,,"Fire, Ice, Wind, Thunder, Nuclear, PSY",,,,,Shadow,"+3 MAG, +2 TEC, +1 VIT","Joy and Wonder (Any two non-Damage Types) – This is treated as both a Rumor Skill and an Icon Shadow’s Natural Skill. [No action cost, spend 1 Aspect Point]: When you deal the killing blow against a Shadow, or trigger a Negotiation result that removes a Shadow from combat: Every User currently in combat can trigger effects that require a target to be slain by a specific User, such as Receptive Cognition, as if they were the User who's slain the target Shadow. Other Users don't have to fulfill the Type requirements of Joy and Wonder to trigger its effect as a Rumor Skill. Each User can only trigger the effect of Joy and Wonder once per combat. ","Ultimate Rebel’s Soul: Spend two Link Counters: Messiah Picaro gains an extra turn every round until the end of combat.
Newfound Power: Can only be cast through the effect of The Card Within One's Dream. Does not check to hit. Deals MAG (15) Fire or Almighty damage (Narrator's choice)
The New Beginning: One target Messiah can see. On hit: MAGd12+MAG (112) Fire damage and grant Messiah one Link Counter.
The Absolute End: One target Messiah can see. +1 HDC. On hit: MAGd12 (97) Almighty damage.","Oratorio (P): When Messiah would be slain by any source, restore its HP and the HP of all Shadows in combat to 100%, revive all Shadows slain during this combat with 100% HP, and remove all Link Counters from Messiah. This can only trigger once per combat. 
The Card Within One's Dream (P): At the start of each round, for no action cost, Messiah can cast Newfound Power a number of times equal to the number of Link Counters on Messiah. ",,Plume of Dawn (T5 Heal),1,15,9,5,6,2,SSVIII-24,FALSE
Metatron,20,Justice,"Light, Intel",Light,Wind,,Physical,,,,Intel,"Ultimate, Tyrant","+3 TEC, +2 AGI, +1 VIT","Mouthpiece of God – Instead of rolling initiative, you can choose the spot of all combatants within the initiative queue.  ","Eternal Punishment: One target Metatron can see loses 50+3TEC% (92%) of its current HP, Light damage. 
Manmaon (Light): Any number of targets Metatron can see loses 10+3TEC% (52%) of their current HP. After taking damage, each target has a 10% chance to die instantly. 
Guiding Hand: Metatron may use its Interrupt action to force a target to reroll a dodge check. 
Fall from Grace: Any number of targets suffers DDC-1 until the end of Metatron’s next turn and suffer a 20+5TEC% (90%) chance of Fearful. 
Fire of Sinai: All combatants except Metatron. Does not check for dodge. Deals 30 Almighty damage, and this damage cannot be reduced by any effects.  ","Infinite Incandescence (P): All Light spells cast during combat lose their upper cap. 
Terrifying Projection+ (P): All targets that become adjacent to Metatron have a 15+5TEC% (85%) chance of Fearful. 
Hate the Sinner (P): If a Light spell cast by Metatron is Reflected, Metatron’s next spell gains the following effect: This spell deals damage based on the target’s maximum HP instead of its current value.  ","Noble, Aggressive","Megido Fire (Firearm, Special)",1,1,14,8,8,4,C-308,FALSE
Nyarlathotep-α,20,--,,,,,,,,,,"Alpha, Shadow",,"Every Darkness - Nyarlathotep-α has three full turns per round and cannot be targeted normally. Rather, when you declare an attack against it, choose one body part: Head, Left Arm, Right Arm, Torso, Left Leg, or Right Leg. Each body part has 100 HP and individual resistances. When a body part is reduced to 0 HP, it can no longer be healed and Nyarlathotep-α can no longer cast the spell associated with it. Nyarlathotep-α has Hetelic Resistances, but its damage resistance is 40 for Nyarlathotep-α, or 60 in case of a Critical Hit or Weakness, instead of its default value. All body parts take half damage from spells without the Mono category. ",Look up Body Parts to see the moves of each one,,,,8,8,8,8,8,8,SSIV-27,FALSE
Nyarlathotep-α - Head,20,--,,,,,"Physical, Gun, Fire, Ice, Wind, Thunder, Nuclear, PSY, Light, Dark, Status, Intel",,,,,Part,,,"Despairing Dream: Any number of targets in combat suffer the following effect: For the next instance of rolled damage they take, also reduce their Energy by 1 of the same dice category used to roll that damage. This is an Intel effect, and Energy damage received by this effect follows Intel resistances and weaknesses.  ",,,,,,,,,,SSIV-28,FALSE
Nyarlathotep-α - Left Arm,20,--,,,Fire,,,,,,Ice,Part,,,Reminiscence Wave: Up to 3 targets Nyarlathotep-α can see. On hit: MAGd10+2MAG (60) Fire damage. This attack deals a guaranteed Critical Hit (which does not spend Luck Charges) against User Classes who can summon more than one Persona.  ,,,,,,,,,,SSIV-28,FALSE
Nyarlathotep-α - Left Leg,20,--,,Wind,,,,,,,Thunder,Part,,,"Asteroid Bomb: One target in combat. On hit: STRd12+2VIT (68) Physical damage, target loses 1d6 Energy and Nyarlathotep-α gains a permanent boost to its Combat Skills equal to the Energy lost (amount given to each Skill distributed as the Narrator sees fit). This is not a Buff effect.  ",,,,,,,,,,SSIV-28,FALSE
Nyarlathotep-α - Right Arm,20,--,,,,PSY,,,,,Nuclear,Part,,,"Delusion Channeling: Up to 3 targets Nyarlathotep-α can see. On hit: TECd10+2STR (60) PSY damage. Against User Classes who cannot naturally manifest more than one Persona, this spell has the added effect: ""The target cannot recover HP by any means outside of Revive effects until the end of the next round"".  ",,,,,,,,,,SSIV-28,FALSE
Nyarlathotep-α - Right Leg,20,--,,Dark,,,,,,,Light,Part,,,"Dark Verdict: One target in combat. On hit: Target loses 50% of its maximum HP as Dark damage. Additionally, until the end of this round, every time that target takes damage, they suffer a Debuff of -2 to STR, MAG, TEC and VIT. This stacks with previous activations of itself and lasts for 3 rounds.  ",,,,,,,,,,SSIV-28,FALSE
Nyarlathotep-α - Torso,20,--,,,Physical,,,,,,Gun,Part,,,"Wailing Wretch: Restore 50 HP to all body parts. This is a Heal Type effect. ",,,,,,,,,,SSIV-28,FALSE
"Nyarlathotep, the Crawling Chaos",20,World,,Light,Dark,Status,"Physical, PSY",,,,,Tyrant,,"Chaos of a Thousand Faces – Whenever a Status spell targets Nyarlathotep, apply that Status effect to all Users. All of Nyarlathotep’s attacks treat Reflect as Resist and ignore Users’ Damage Reduction values from gear. Nyarlathotep’s Status immunity extends to the Analyzed condition. ","Wheel of Fortune: Any number of targets. HDC -1. On hit: target is unable to change Personae or activate Class features for 2d8 rounds. 
Wheel of Time: Any number of targets. On hit: MAGdX Almighty damage. The first time this spell is cast, use a d6 to calculate damage. Increase the dice category of this attack by one before calculating damage on each cast after that (max d12). 
Despairing Dream: The next time Nyarlathotep casts Wheel of Time, it gains this additional effect: On hit: reduce the target’s Energy by 1dx, using the same dice used to calculate damage. 
Transient Ripple (Almighty): Any number of targets have all their Buff, Defense, and Charge effects removed. ",,,,1,10,9,6,10,2,SSI-28,FALSE
Satan,20,Judgement,"Fire, Ice, Thunder",,"Ice, Dark, PSY",,Gun,,,,,Ultimate,"+3 MAG, +1 TEC, +1 AGI, +1 VIT","Lake of Tears – At the end of each combat, if your HP is above 0, you may spend 5 Energy to heal 100% of your HP.  ","Titanomachia: Any number of targets Satan can see. On hit: 14d6 (49) Fire damage and 35+5TEC% (70%) Fearful chance. 
Hell Has Frozen Over: 1 target within 10 meters. On hit: 14d12 (91) Ice damage. Until the end of Satan’s next turn, that target loses all elemental interactions and damage resistance. 
Thunder Reign: 1 target within 10 meters. On hit: 14d12 (91) Thunder damage and 100% Shocked chance. ","Regenerate (P): Heals VITd6 (21) HP at the start of each turn.
Energize (P): At the start of each of its turns, restores all of Satan’s Combat Skills to their default values and removes all Status effects from Satan.
Rebel Soul (P): Deals 30% extra damage against targets whose current HP is higher than Satan’s. ","Devilish, Noble",Black Viper (T6 Almighty) ,1,14,6,6,6,2,C-305,FALSE
Satanatel,20,Fool,"Physical, Dark","Wind, Thunder",,,,,,,,Ultimate,"+2 STR, +2 TEC, +1 AGI, +4 Courage","Lord of Rebellion – Once per session, you may spend 1 Aspect Point to alter the Interactions to the Type of the next attack that targets one adjacent target: Resist, Null and Reflect become Weak, Weakness becomes Reflect, and Drain becomes Resist. ","Sinful Shell: Any number of targets. On hit: STRd6 (38) Physical damage and 30% Fearful chance. 
Haeigaon: Up to 3 targets within 6 meters. On hit: TECd8 (49) Dark damage. 
Reject Order (Misc.): Satanael chooses 1 target it can see and 1 Type. As long as Satanael can see the target, the target has Weakness and -1 DDC for all incoming attacks of that Type.  ","Victory Cry (P): At the start of each of its turns, Satanael is healed of all Status and Debuff effects. 
Survival Trick (P): As long as Satanael is above 1 HP, any attack that would kill it reduces it to 1 HP instead, including Death Category Spells. ","Chaotic, Devilish","Scorpio’s Hook (Whip, 8 RP) ",11,1,11,5,4,4,C-303,FALSE
YHVH-α,20,Judgement,"Fire, Ice, Wind",,,,"Physical, Fire, Ice, Wind, Nuclear",,,,,Alpha,"+2 MAG, +2 TEC, +2 VIT","Smirk – If you hit a target's Weakness, you gain the following effect until the end of the next turn: You can roll Critical Hits without spending Luck Charges. ","Inferno of God: One target YHVH-α can see. On hit: 11d12 (71) Fire damage. Regardless of the result of the previous hit check: At the start of the target's turn, roll dodge against this attack again. On hit: 11d12 (71) Fire damage. 
Hailstorm of God: One target YHVH-α can see. On hit: 11d12 (71) Ice damage. If the target does not Resist this damage, YHVH-α can cast this spell again against another target as a Free action. 
Lightning of God: One target YHVH-α can see. Target has 100% chance to suffer Shocked (before rolling for hit). On hit: 11d12 (71) Thunder damage. If the target does not Resist this damage, YHVH-α chooses another target as a Free action: That target has 100% chance to suffer Shocked. 
Tornado of God: Any number targets YHVH-α can see. This attack does not check for dodge. Deals 11d10 (60) Wind damage. ",,,"Armor of Light (Armor, Special)",1,11,11,1,11,1,SSIV-20,FALSE
Yurlungur,20,Temperance,"Physical, Ice, Light",Nuclear,,Thunder,Light,,,,Status,Ultimate,"+2 STR, +2 MAG, +2 TEC","Copper Snake – At the start of each combat, grants Resist Fire, Ice, Thunder, Wind, Nuclear or PSY (choose one) to you and all your allies for the first 3 rounds.  ","Sparkling Rain (Light): 1d6 targets Yurlungur can see lose 3TEC% (21%) of their current HP. 
Earthquake: Up to 3 targets within 6 meters. HDC +1. On hit: 9d8 (40) Physical damage and Knockdown. 
Blizzard: Any number of targets. On hit: 8d8 (36) Ice damage and 15+5TEC% (50%) Slowed chance. ",Tetra-makara-break (P): Always treats Reflect and Null as Resist.  ,Chaotic,"Sabazios (Glove, Special) ",9,8,7,5,4,2,C-299,FALSE
Zaou-Gongen,20,Strength,"Physical, Fire",,Fire,"Light, Dark",,,,,Thunder,Ultimate,"+3 STR, +2 MAG, +1 TEC",Mountain Emperor – You may cast any Physical spell adding the Realized category. ,"Swords Dance: 1 target within 4 meters. On hit: 10d12+25 (80) Physical damage. If that attack drops the target to 10 or less HP, target enters Death’s Door immediately, with 2 counters. 
Blazing Inferno: Any number of targets. On hit: 8d4 (20) Fire damage -3 STR, -3 MAG, Fortify Physical -12 and Fortify Elements -12 for 3 rounds. ",Immovable Spirit (P): Heals 100% of its HP upon dying for the first time in combat.  ,Aggressive,"Soul Food (Consumable, Special) ",10,8,7,3,4,4,C-301,FALSE
Lucifer,21,World,,,,Dark,"Physical, Gun, Fire, Ice, Wind, Thunder, Nuclear, PSY, Light, Status, Intel",,,,,Tyrant,"+3 MAG, +2 TEC, +1 VIT, +4 Courage",Eternal Suffering – No Shadows besides Lucifer can be killed as long as Lucifer is in combat.,"Sermon of the Seven Suns: Any number of targets. On hit: MAGd6 (49/56/70) damage. 
Frashokereti: Up to 3 targets Lucifer can see. On hit: MAGd8 (63/72/90) damage. 
Antichrist: 1 target within 12 meters. On hit: MAGd12 (91/104/130) damage. 
Escathon: Any number of targets within 5 meters. Instantly kills any number of targets under 5TEC% (30%/40%/60%) HP. This spell can be either Light or Dark Type. 
The Great Flood: All combatants, except Lucifer. On hit: MAGd10 (77/88/110) Almighty damage. Realized: Destroys all obstacles of the scenery within 8 meters of Lucifer, creating a completely level arena, and dispels all Intel effects from combat. This spell can only be cast once every three rounds.  ","Elemental Adept+ (P): Can declare the damage Type of all of his skills during casting. Lucifer can choose the Fire, Ice, Wind, Thunder, Nuclear, PSY, Light or Dark Types. 
Infernal (P): Starts combat under the effects of Tarukajyne, Sukukajyne and Rakukajyne (+4 STR, +4 MAG, +4 TEC, +4 AGI, Fortify Physical +24 and Fortify Elements +24 for 3 rounds.) 
Blade of Pure Evil (P): Lucifer wields Lucifer’s Call, gaining its effects and replacing its basic attack. Lucifer grants this weapon to the Users upon being defeated. 
Fallen Angels (P): Whenever Lucifer’s HP reaches 80%, 60%, 40%, or 20%, add one Ultimate Shadow, chosen by the Narrator, into combat. Its action is placed immediately after the current turn. He Who Is Closest to God – Metatron cannot be placed into battle by this effect.  ",,"Lucifer's Call (Sword, Special)",3,14,6,5,6,4,C-309,FALSE
Lucifrost,21,Fool,,Ice,,"Light, Dark","Physical, Gun, Thunder, Status",,,,,Shadow,"+3 MAG, +3 TEC, +1 AGI",Ice Age – All Users in combat have their natural interaction with Ice changed to Weakness as long as Lucifrost is in combat.  ,"Popsicle: 1 target Lucifrost can see. On hit: 20d12 (130) Ice damage and 100% Slowed chance. 
Double Serve: Up to 2 targets Lucifrost can see. On hit: 20d8 (90) Ice damage and Rakundyne (Fortify Physical -24, Fortify Elements -24, for 3 rounds) 
Achoo! Any number of targets Lucifrost can see. On hit: 20d6 (70) Ice damage and instantly kills targets whose HP is below 25%. (this is considered an Ice, Light, Death Category spell). ","Cool Army (P) – At the start of Lucifrost’s turn, if there are less than six Shadows in combat, Lucifrost summons Black Frosts (Lv. 13) until there are six Shadows in combat. All Black Frosts summoned by this effect have initiative values equal to Lucifrost’s -1.  ","Snobbish, Childish",10x Bufu (T1 Ice),1,20,9,5,10,4,C-310,FALSE
Aeros,--,--,,,,,,,,,,Element,,,,,,,,,,,,,SSII-24,FALSE
Aquans,--,--,,,,,,,,,,Element,,,,,,,,,,,,,SSII-23,FALSE
Erthys,--,--,,,,,,,,,,Element,,,,,,,,,,,,,SSII-23,FALSE
Flaemis,--,--,,,,,,,,,,Element,,,,,,,,,,,,,SSII-24,FALSE
Mercurius,--,--,,,,,,,,,,Element,,,,,,,,,,,,,SSII-25,FALSE
Doppelganger,??,Jester,,,,,,,,,,Shadow,,,"Mercurial: Doppelganger gains +1 HDC or +1 DDC until the end of its next round. 
Rippling: Doppelganger gains +5 movement allowance for the next 3 rounds.  ","Shattered Mirror (P): If a User enters Death’s Door, their Doppelganger is removed from combat immediately, and does not reward the party with Experience Points. ",,,,,,,,,SSII-21,FALSE
Merciless Gunman – Reaper,??,Death,,,,Status,"Physical, Gun",,,,,"Merciless, Tyrant",,Relentless – Reaper’s actions and movement cannot be restricted by any effects or actions. Reaper uses his MAG score for both MAG and STR checks. Reaper cannot be Analyzed by Intel spells.  ,"Nuclear Bullet: Grants Resist to all Types, except Ice Atomic Shot: 1 target within 8 meters. Hit: 10d12 (65/130) Fire damage. Ignores Interactions with Fire besides Weakness, and always deals Critical damage.
Extinction Bullet: Grants Resist to all Types, except Fire Hopeless Shot: 1 target within 6 meters. Hit: 10d8 (45) Ice damage and sets Target Energy to zero.  
10-Million-Watt Bullet: Grants Resist to all Types, except Wind Blackout Shot: 1 target within 6 meters. Hit: 10d10 (55) Thunder damage and 100% Shocked chance to the target. Also deals half the rolled damage and 100% Shocked chance to all Users within 4 meters of target.  
Warling Bullet: Gains Resist to all Types, exc. Thunder Desolation Shot: Up to 3 targets within 12 meters. +2 HDC. Hit: 10d6 (35) Wind damage. Moves all targets to adjacent positions to Reaper, if possible. For the next 1d4+1 rounds, every unit that starts its turn within 2 meters of Reaper takes MAG (10) Wind damage, no check. 
Escathon Bullet: Grants Resist to all Types Penitent Shot (Light): Any number of targets Reaper can see. Targets lose 50% of their maximum HP. Sacrosanct Shot: Any number of targets Reaper can see. Removes all Buff effects active on target, and target cannot benefit from Buff effects or recover HP for 1d4 rounds.  
Final Bullet: Grants Resist to all Types Festering Shot: One target Reaper can see. If target’s HP is below 100%, target enters Death’s Door and immediately loses 1 Counter. Aphotic Shot: Any number of targets within 8 meters. Hit: 10d6 (35) Dark damage, and target cannot dodge until the end of Reaper’s next turn.  

Reaper can cast the following spells independently of which Bullet he has loaded: 
Aeon Ultimatum: Up to 6 targets within 8 meters. Hit: 10d8 (45) Gun damage and 8TEC% (80%) Knockdown chance. 
Drag Down: 1 target within 5 meters. Hit: 10d4 (25) Almighty damage. Target is moved to an adjacent position to Reaper and suffers the effects of Debilitate (Debuff: STR, MAG, TEC, AGI -3, Fortify Physical, Elements -8 for 3 rounds) ","Bullet Hell (P): Reaper always has two turns per round, attacking once with each of his guns. At the start of each round, roll 2d6. The result of each of these dice will determine each of his gun’s Bullets. If both guns load the same Bullet, the Bullet’s Resist effect becomes Null, and his attacks deal 250% of their rolled damage until the end of the round.  ",,"Divine Pillar (Sea of Souls 4 Accessory, Special)",10,10,10,8,8,1,SSI-32,FALSE
Nyx Avatar - Chariot,??,Chariot,,Wind,,,,,,,,Tyrant,,"All Is Revealed – Nyx's power is split between 14 different forms. Nyx starts with Arcana 0 - The Fool. Each time it's reduced to 0 HP, it progresses to the next Arcana, being healed to full HP and changing moves accordingly. This also removes all Status, Counters and Debuff from Nyx, as well as all conditions it might be under. Nyx always has two turns per round and uses its MAG value for both STR and MAG checks. ","Almighty Attack: One target Nyx can see. On hit: 13d6 (45) Almighty damage. This replaces Nyx's basic attack and can be used under all Arcana except Fool. 
Power Charge: The next Physical attack Nyx declares deals 2x damage.
God's Hand: One target within 10 meters. On hit: 13d10 (71) Physical damage.
Heat Wave: Any number of targets. On hit: 13d8 (52) Physical damage.",,,,13,13,10,9,6,1,SSV-31,FALSE
Nyx Avatar - Death,??,Death,,,,,,,,,,Tyrant,,"All Is Revealed – Nyx's power is split between 14 different forms. Nyx starts with Arcana 0 - The Fool. Each time it's reduced to 0 HP, it progresses to the next Arcana, being healed to full HP and changing moves accordingly. This also removes all Status, Counters and Debuff from Nyx, as well as all conditions it might be under. Nyx always has two turns per round and uses its MAG value for both STR and MAG checks. ","Almighty Attack: One target Nyx can see. On hit: 13d6 (45) Almighty damage. This replaces Nyx's basic attack and can be used under all Arcana except Fool. 
Element Break: One target Nyx can see has its interaction to Fire, Ice, Wind or Thunder reduced to Neutral for 3 rounds. This is not a Debuff effect. 
Mind Charge: The next Fire, Ice, Wind, Thunder or Almighty spell Nyx casts deals 2x damage. 
Dekaja: Removes all Buff effects from combat. 
Dekunda: Removes all Debuff effects from Nyx. 
Marakundyne: Any number of targets suffers Fortify All -24 for 3 rounds. 
Poisma: One target within 10 meters. 90% Poisoned chance. 
Ha Agidyne: Two targets within 10 meters. On hit: 13d10+10 (81) Fire damage. 
Bufudyne: One target within 10 meters. On hit: 13d12+10 (94) Ice damage. 
Garudyne: +1 HDC. On hit: 13d12 (84) Wind damage. 
Ziodyne: One target within 10 meters. On hit: 13d12 (84) Thunder damage and 70% Shocked chance. ",,,,13,13,10,9,6,1,SSV-33,FALSE
Nyx Avatar - Emperor,??,Emperor,,Thunder,,,,,,,,Tyrant,,"All Is Revealed – Nyx's power is split between 14 different forms. Nyx starts with Arcana 0 - The Fool. Each time it's reduced to 0 HP, it progresses to the next Arcana, being healed to full HP and changing moves accordingly. This also removes all Status, Counters and Debuff from Nyx, as well as all conditions it might be under. Nyx always has two turns per round and uses its MAG value for both STR and MAG checks. ","Almighty Attack: One target Nyx can see. On hit: 13d6 (45) Almighty damage. This replaces Nyx's basic attack and can be used under all Arcana except Fool. 
Ziodyne: One target within 10 meters. On hit: 13d12 (84) Thunder damage and 70% Shocked chance.
Maziodyne: Any number of targets. On hit: 13d8 (53) Thunder damage and 30% Shocked chance.
Thunder Break: One target Nyx can see has its Thunder interaction changed to Neutral for 3 rounds. This is not a Debuff.",,,,13,13,10,9,6,1,SSV-30,FALSE
Nyx Avatar - Empress,??,Empress,,Wind,,,,,,,,Tyrant,,"All Is Revealed – Nyx's power is split between 14 different forms. Nyx starts with Arcana 0 - The Fool. Each time it's reduced to 0 HP, it progresses to the next Arcana, being healed to full HP and changing moves accordingly. This also removes all Status, Counters and Debuff from Nyx, as well as all conditions it might be under. Nyx always has two turns per round and uses its MAG value for both STR and MAG checks. ","Almighty Attack: One target Nyx can see. On hit: 13d6 (45) Almighty damage. This replaces Nyx's basic attack and can be used under all Arcana except Fool. 
Garudyne: +1 HDC. On hit: 13d12 (84) Wind damage.
Ha Garudyne: +1 HDC. Two targets within 12 meters. On hit: 13d10 (71) Wind damage.
Wind Break: One target Nyx can see has its Wind interaction changed to Neutral for 3 rounds. This is not a Debuff.",,,,13,13,10,9,6,1,SSV-30,FALSE
Nyx Avatar - Fool,??,Fool,,,,,,,,,,Tyrant,,"All Is Revealed – Nyx's power is split between 14 different forms. Nyx starts with Arcana 0 - The Fool. Each time it's reduced to 0 HP, it progresses to the next Arcana, being healed to full HP and changing moves accordingly. This also removes all Status, Counters and Debuff from Nyx, as well as all conditions it might be under. Nyx always has two turns per round and uses its MAG value for both STR and MAG checks. ",Smile Arrogantly: Nothing happens.,,,,13,13,10,9,6,1,SSV-29,FALSE
Nyx Avatar - Fortune,??,Fortune,,"Fire, Ice, Wind, Thunder",,,,,,,,Tyrant,,"All Is Revealed – Nyx's power is split between 14 different forms. Nyx starts with Arcana 0 - The Fool. Each time it's reduced to 0 HP, it progresses to the next Arcana, being healed to full HP and changing moves accordingly. This also removes all Status, Counters and Debuff from Nyx, as well as all conditions it might be under. Nyx always has two turns per round and uses its MAG value for both STR and MAG checks. ","Almighty Attack: One target Nyx can see. On hit: 13d6 (45) Almighty damage. This replaces Nyx's basic attack and can be used under all Arcana except Fool. 
Ha Agidyne: Two targets within 10 meters. On hit: 13d10+10 (81) Fire damage.
Bufudyne: One target within 10 meters. On hit: 13d12+10 (94) Ice damage.
Garudyne: +1 HDC. On hit: 13d12 (84) Wind damage.
Ziodyne: One target within 10 meters. On hit: 13d12 (84) Thunder damage and 70% Shocked chance.",,,,13,13,10,9,6,1,SSV-32,FALSE
Nyx Avatar - Hanged Man,??,Hanged Man,,,,,Physical,,,,,Tyrant,,"All Is Revealed – Nyx's power is split between 14 different forms. Nyx starts with Arcana 0 - The Fool. Each time it's reduced to 0 HP, it progresses to the next Arcana, being healed to full HP and changing moves accordingly. This also removes all Status, Counters and Debuff from Nyx, as well as all conditions it might be under. Nyx always has two turns per round and uses its MAG value for both STR and MAG checks. ","Almighty Attack: One target Nyx can see. On hit: 13d6 (45) Almighty damage. This replaces Nyx's basic attack and can be used under all Arcana except Fool. 
Mind Charge: The next Fire, Ice, Wind, Thunder or Almighty spell Nyx casts deals 2x damage.
Megidola: Any number of targets. On hit: 13d8 (52) Almighty damage.
Mudoon: Instantly kills one target whose HP is below 50% of its maximum.
Evil Touch: One target Nyx can see. 80% Fearful chance.",,,,13,13,10,9,6,1,SSV-32,FALSE
Nyx Avatar - Hermit,??,Hermit,,Wind,Dark,,,,,,,Tyrant,,"All Is Revealed – Nyx's power is split between 14 different forms. Nyx starts with Arcana 0 - The Fool. Each time it's reduced to 0 HP, it progresses to the next Arcana, being healed to full HP and changing moves accordingly. This also removes all Status, Counters and Debuff from Nyx, as well as all conditions it might be under. Nyx always has two turns per round and uses its MAG value for both STR and MAG checks. ","Almighty Attack: One target Nyx can see. On hit: 13d6 (45) Almighty damage. This replaces Nyx's basic attack and can be used under all Arcana except Fool. 
Makarakarn: Nyx gains Reflect Elements until the end of the round.
Mudoon: Instantly kills one target whose HP is below 50% of its maximum.
Poisma: One target within 10 meters. 90% Poisoned chance.",,,,13,13,10,9,6,1,SSV-31,FALSE
Nyx Avatar - Hierophant,??,Heirophant,,Physical,,,,,,,,Tyrant,,"All Is Revealed – Nyx's power is split between 14 different forms. Nyx starts with Arcana 0 - The Fool. Each time it's reduced to 0 HP, it progresses to the next Arcana, being healed to full HP and changing moves accordingly. This also removes all Status, Counters and Debuff from Nyx, as well as all conditions it might be under. Nyx always has two turns per round and uses its MAG value for both STR and MAG checks. ","Almighty Attack: One target Nyx can see. On hit: 13d6 (45) Almighty damage. This replaces Nyx's basic attack and can be used under all Arcana except Fool. 
Revolution: All units in combat gain +2 Critical Margin for 3 rounds. This is a Buff effect that lasts for 3 rounds.
Fatal End: One target within 10 meters. This attack rolls for Critical Hits without spending Luck Charges. On hit: 13d10 (71) Physical Damage
Vile Assault: Any number of targets. This attack rolls for Critical Hits without spending Luck Charges. On hit: 13d8 (53) Physical damage.",,,,13,13,10,9,6,1,SSV-30,FALSE
Nyx Avatar - Justice,??,Justice,,"Fire, Ice",Light,,,,,,,Tyrant,,"All Is Revealed – Nyx's power is split between 14 different forms. Nyx starts with Arcana 0 - The Fool. Each time it's reduced to 0 HP, it progresses to the next Arcana, being healed to full HP and changing moves accordingly. This also removes all Status, Counters and Debuff from Nyx, as well as all conditions it might be under. Nyx always has two turns per round and uses its MAG value for both STR and MAG checks. ","Almighty Attack: One target Nyx can see. On hit: 13d6 (45) Almighty damage. This replaces Nyx's basic attack and can be used under all Arcana except Fool. 
Hamaon: One target Nyx can see loses 40% of its current HP (Light damage)
Mahama: Any number of targets lose 20% of their current HP (Light damage)",,,,13,13,10,9,6,1,SSV-31,FALSE
Nyx Avatar - Lovers,??,Lovers,,Physical,,,,,,,,Tyrant,,"All Is Revealed – Nyx's power is split between 14 different forms. Nyx starts with Arcana 0 - The Fool. Each time it's reduced to 0 HP, it progresses to the next Arcana, being healed to full HP and changing moves accordingly. This also removes all Status, Counters and Debuff from Nyx, as well as all conditions it might be under. Nyx always has two turns per round and uses its MAG value for both STR and MAG checks. ","Almighty Attack: One target Nyx can see. On hit: 13d6 (45) Almighty damage. This replaces Nyx's basic attack and can be used under all Arcana except Fool. 
Holy Arrow: One target within 10 meters. On hit: 13d10 (71) Physical damage and 70% Charmed chance.
Marin Karin: One target Nyx can see. 80% Charmed chance.
Tentarafoo: Any number of targets. 40% Panicked chance.",,,,13,13,10,9,6,1,SSV-30,FALSE
Nyx Avatar - Magician,??,Magician,,Fire,,,,,,,,Tyrant,,"All Is Revealed – Nyx's power is split between 14 different forms. Nyx starts with Arcana 0 - The Fool. Each time it's reduced to 0 HP, it progresses to the next Arcana, being healed to full HP and changing moves accordingly. This also removes all Status, Counters and Debuff from Nyx, as well as all conditions it might be under. Nyx always has two turns per round and uses its MAG value for both STR and MAG checks. ","Almighty Attack: One target Nyx can see. On hit: 13d6 (45) Almighty damage. This replaces Nyx's basic attack and can be used under all Arcana except Fool. 
Ha Agidyne: Two targets within 10 meters. On hit: 13d10+10 (81) Fire damage.
Maragidyne: Any number of targets. On hit: 13d8+10 (63) Fire damage.
Fire Break: One target Nyx can see has its Fire interaction changed to Neutral for 3 rounds. This is not a Debuff",,,,13,13,10,9,6,1,SSV-29,FALSE
Nyx Avatar - Priestess,??,Priestess,,Ice,,,,,,,,Tyrant,,"All Is Revealed – Nyx's power is split between 14 different forms. Nyx starts with Arcana 0 - The Fool. Each time it's reduced to 0 HP, it progresses to the next Arcana, being healed to full HP and changing moves accordingly. This also removes all Status, Counters and Debuff from Nyx, as well as all conditions it might be under. Nyx always has two turns per round and uses its MAG value for both STR and MAG checks. ","Almighty Attack: One target Nyx can see. On hit: 13d6 (45) Almighty damage. This replaces Nyx's basic attack and can be used under all Arcana except Fool. 
Bufudyne: One target within 10 meters. On hit: 13d12+10 (94) Ice damage.
Ice Break: One target Nyx can see has its Ice interaction changed to Neutral for 3 rounds. This is not a Debuff.",,,,13,13,10,9,6,1,SSV-29,FALSE
Nyx Avatar - Strength,??,Strength,,Physical,,,,,,,,Tyrant,,"All Is Revealed – Nyx's power is split between 14 different forms. Nyx starts with Arcana 0 - The Fool. Each time it's reduced to 0 HP, it progresses to the next Arcana, being healed to full HP and changing moves accordingly. This also removes all Status, Counters and Debuff from Nyx, as well as all conditions it might be under. Nyx always has two turns per round and uses its MAG value for both STR and MAG checks. ","Almighty Attack: One target Nyx can see. On hit: 13d6 (45) Almighty damage. This replaces Nyx's basic attack and can be used under all Arcana except Fool. 
Power Charge: The next Physical attack Nyx declares deals 2x damage
Marakundyne: Any number of targets suffers Fortify All -24 for 3 rounds.
Deathbound: Any number of targets. On hit: 13d8 (52) Physical damage.",,,,13,13,10,9,6,1,SSV-32,FALSE
"Nyx the Merciless Night",??,Death,,,,,,,,,,"Merciless, Tyrant",,"The Fall – Nyx the Merciless Night has the same features as its base form, but with features from this stat block adding to her base skills. Users slain by Nyx the Merciless Night enter Death’s Door with 1 less counter.  ",,"Death Sovereign (P): Every time Nyx changes forms, all of Nyx’s previous Type interactions are “inherited” by her following form as Resist. For example: When transitioning from Form I (Drain Fire) to Form II (Drain Ice), her interactions become Resist Fire, Drain Ice, and when transitioning to Form III (Drain Wind), her interactions become Resist Fire, Resist Ice, and Drain Wind. This is not a Buff effect. 
Piercing Zero (P): All spells Nyx casts treat Damage Reduction as halved, treat Reflect and Drain as Null, and Null as Resist. 
Night Empress (P): In her ‘Death’ Form, Nyx the Merciless Night can use a Hetelic Action slot to cast Night Queen or Moonless Gown as a Default action, on top of her standard Hetelic Actions.  ",,,15,15,10,10,6,5,SSVIII-46,FALSE